,Unnamed: 0,title,poster,release_date,over_view
0,0,바이킹스,/t/p/w94_and_h141_bestv2/oktTNFM8PzdseiK1X0E0XhB6LvP.jpg,"3월  3, 2013",2013년 3월 History에서 방영을 시작한 역사물. 바이킹 영웅 라그나 로스브로크는 새로운 대륙을 향해 탐험하고 싶어하지만 카테가트의 영주인 백작은 모험적인 항해를 원치 않아 라그나의 의견을 묵살한다. 라그나는 친구이자 배를 만드는 기술자인 플로키의 도움을 받아 백작 몰래 출항에 성공한다. 라그나는 새로운 대륙인 잉글랜드를 발견하고 동료들과 함께 노섬브리아 왕국 영토에 있는 수도원을 잔인하게 약탈하고 수도승 애설스탠을 노예로 삼는다. 처음 보는 바이킹의 야만적인 침략에 노섬브리아 왕국은 크게 분노하면서도 바이킹을 두려워하는데...
1,1,더 보이즈,/t/p/w94_and_h141_bestv2/mY7SeH4HFFxW1hiI6cWuwCRKptN.jpg,"7월 25, 2019",20만 명이 넘는 슈퍼히어로가 유명세에 취해 무모한 행동을 일삼고 부패한 세상에 슈퍼히어로와 상대조차 되지 않는 일반인으로 구성된 CIA 비밀 자경팀이 그들을 막으려 하는 이야기
2,2,반지의 제왕: 힘의 반지,/t/p/w94_and_h141_bestv2/mYLOqiStMxDK3fYZFirgrMt8z5d.jpg,"9월  1, 2022","익숙하고도 새로운 캐릭터들은 가운데땅에서의 악의 부활을 마주한다. 안개산맥의 가장 어두운 곳부터 린돈의 장엄한 숲까지, 그리고 누메노르 섬 왕국부터 지도의 가장 먼 곳에 이르기까지 다양한 왕국과 캐릭터들은 운명을 다한 후에도 오래도록 지속될 유산을 남길 것이다."
3,3,블루 록,/t/p/w94_and_h141_bestv2/2FwZ4fzLowDvuNpFsfU211yUaHg.jpg,"10월  9, 2022","세계 제일의 에고이스트가 아니면,"
4,4,카니발 로우,/t/p/w94_and_h141_bestv2/y16BMvX8aimbhk8goq1GVRexpVV.jpg,"8월 29, 2019","네오 빅토리아 시대를 배경으로 한다. 전쟁으로 폐허가 된 고향을 떠난 마법 생명체들이 빈민가 ‘카니발 로우’에 모여들면서 인간과 갈등이 발생하고, 끔찍한 연쇄살인의 피해자가 된다는 이야기를 그린다. 올랜도 블룸이 살인사건을 수사하는 인간 탐정을, 카라 델러비인은 전쟁을 피해 카니발 로우에 입성한 요정이자 주인공의 마음을 사로잡는 인물로 등장한다."
5,5,페리퍼럴,/t/p/w94_and_h141_bestv2/ccBe5BVeibdBEQU7l6P6BubajWV.jpg,"10월 20, 2022","애팔래치아산맥에 위치한 작은 마을. 이 지루한 곳의 유일한 탈출구는 최첨단 비디오 게임밖에 없다. 뛰어난 실력을 갖춘 그녀에게 한 기업이 신작 테스트를 의뢰하는데... 이 게임은 상상 그 이상이다. 그토록 꿈꾸던 삶의 목적, 로맨스, 화려함이 담겨있다. 그러나 게임 때문에 그녀와 가족이 위험에 처하게 된다."
6,6,포켓몬스터 W: 신이라 불리는 아르세우스,/t/p/w94_and_h141_bestv2/t9bRCiAqLyLVw7swegQj2A7FyGE.jpg,"1월 21, 2022","신화 속 포켓몬 아르세우스의 전설을 조사하는 동안, 애쉬, 고, 던은 세계를 위협하는 팀 갤럭틱의 음모를 밝혀낸다. 아르세우스 연대기에서 가장 사랑받는 프랜차이즈 캐릭터 중 하나인, 다시 한 번 그 귀환을 즐길 준비를 하세요."
7,7,페이크,/t/p/w94_and_h141_bestv2/uvMYKFvcqAYTENDZ37USvo3FBZr.jpg,"2월 10, 2023","뛰어난 무명 예술가 서니가 완벽한 위조지폐를 만들어내면서 위험천만한 위조 업계로 뛰어들고, 불같은 성미로 특이하게 사건을 해결하는 마이클은 인도에서 위조지폐라는 위협을 제거하려고 한다. 쫓고 쫓기는 추격전 속, 패배란 용납되지 않는 스릴러다!"
8,8,보슈,/t/p/w94_and_h141_bestv2/1DhhUJnHcuGG7NhEbXW3t34OVr8.jpg,"1월 14, 2015",베테랑 강력반 형사 해리 보쉬는 수사를 하던 중 과실치사 혐의로 재판을 받게 되고 휴직을 하게 된다. 어느 날 힐즈에서 신원 미상 아이의 뼈가 발견된 후 사건 현장에 도착한 해리는 상관의 휴직 명령을 무시하면서 본격적인 수사를 하게된다.
9,9,데이지 존스 & 더 식스,/t/p/w94_and_h141_bestv2/ltfscPUljehY7IwGG85vij2TEbQ.jpg,"3월  2, 2023","1977년, 데이지 존스 더 식스는 세계 최고였다. 놀라운 리드 싱어/작곡가 데이지 존스와 빌리 던이 이끌던 이 무명의 밴드는 엄청난 인기를 얻는다. 그런데 시카고 솔저 필드에서의 매진 공연 후 이들은 갑자기 은퇴를 선언한다. 수십 년이 지난 지금, 밴드의 멤버들은 그때의 진실을 밝히기로 한다. 미국의 상징적인 록 밴드가 왜 정점에서 붕괴했는지 그 이야기를 파헤쳐 본다."
10,10,익스팬스,/t/p/w94_and_h141_bestv2/lLidDKUYF5pcmH7zaM6J6nyRQGG.jpg,"12월 14, 2015","200년 후의 미래, 여성 실종 사건을 조사하는 형사와 우주선 선장이 태양계를 오가며 역사상 가장 거대한 음모를 파헤치는 이야기"
11,11,사랑의 끝,/t/p/w94_and_h141_bestv2/e0WBmIJiapZxIPIuYRRSCffFNKe.jpg,"11월  4, 2022",신랄한 페미니스트 철학가 타마라는 자신이 묻어뒀던 과거를 다시 발견한다.
12,12,리처,/t/p/w94_and_h141_bestv2/bQnnKBe3VsvXKMoNCaYmRzs1Dup.jpg,"2월  3, 2022","은퇴한 헌병 대원 잭 리처는 자신이 저지르지 않은 살인으로 체포되고, 이내 자신이 부패한 경찰, 수상쩍은 사업가, 교활한 정치가들이 판치는 음모의 한 가운데 있음을 알게 된다. 리처는 오직 자신의 지혜만을 가지고 조지아주 마그레이브에서 무슨 일이 일어나고 있는지 알아내야 한다. '잭 리처' 첫 번째 시즌은 세계적인 베스트셀러인 리 차일드의 '추적자'를 바탕으로 하고 있다."
13,13,시간의 수레바퀴,/t/p/w94_and_h141_bestv2/mpgDeLhl8HbhI03XLB7iKO6M6JE.jpg,"11월 18, 2021",마을에 처음 보는 강력한 여성이 나타나 다섯 청년의 인생을 송두리째 바꿔놓을 주장을 한다. 그들 중 한 사람이 고대 예언에 나온 빛과 어둠의 균형을 영원히 바꿔놓을 힘을 가진 아이라는 것. 청년들은 세계의 운명을 걸고 이 낯선 여성과 서로를 믿을지 결정해야 한다. 어둠의 존재가 구속에서 벗어나 최후의 싸움이 시작되기 전에.
14,14,복스 마키나의 전설,/t/p/w94_and_h141_bestv2/4fqfhmVNOHe2nLcligiVMtMnfeM.jpg,"1월 27, 2022",미국의 인기 TRPG 인터넷 방송 크리티컬 롤이 플레이한 캠페인 복스 마키나를 원작으로 한 애니메이션 더 레전드 오브 복스 마키나는 성인 애니메이션 판타지 어드벤쳐 시리즈이다.
15,15,터미널 리스트,/t/p/w94_and_h141_bestv2/71f3JHlJCP6V7LhHHiKZgjtFxZw.jpg,"6월 30, 2022","은밀하고 위험한 임무를 하던 제임스 리스의 네이비실 소대가 기습당한 이후를 그렸다. 리스는 사건에 관한 상충하는 기억과 책임에 대한 의문을 품은 채 가족이 있는 집으로 돌아온다. 하지만, 새로운 증거가 떠오르면서 리스는 자신은 물론 사랑하는 사람들을 위험에 빠트리는 어두운 세력이 움직이고 있음을 알게 된다."
16,16,도로로,/t/p/w94_and_h141_bestv2/yqPESGckTZtGx0LVelIAEF7KSqX.jpg,"1월  7, 2019",주인공 햣키마루(百鬼丸)는 태어나기도 전에 친부가 그 육체를 요괴들에게 팔아버린 남자이다. 때문에 신체의 48개 부분이 결손된 상태로 태어났으며 강가에 버려진 것을 쥬카이라는 의사의 손에 거두어져 결손된 부분을 기계로 대체한다. 요괴들에게서 몸을 되찾기 위해 여행하던 햣키마루는 꼬마 도적 도로로를 만나고 함께 다니게 되는데...
17,17,인빈시블,/t/p/w94_and_h141_bestv2/yDWJYRAwMNKbIYT8ZB33qy84uzO.jpg,"3월 25, 2021",마크 그레이슨은 17살에 슈퍼파워를 물려받자 아버지와 함께 지구에서 가장 위대한 영웅 중 하나가 된다. 드디어 꿈이 이루어졌지만 충격적인 사건이 모든 것을 뒤흔든다.
18,18,La cabeza de Joaquín Murrieta,/t/p/w94_and_h141_bestv2/v9qDbKohdhfu3nqTbNWb103Xeo7.jpg,"2월 17, 2023",정보 없음
19,19,톰 클랜시의 잭 라이언,/t/p/w94_and_h141_bestv2/z8yXhmNmc54TsMK2Ig4V4SHdkOX.jpg,"8월 30, 2018",CIA 분석가 잭 라이언과 새로운 보스 제임스 그리어는 수상한 금융 거래의 패턴을 추적하여 유럽과 중동을 오가며 떠오르는 테러리스트 수장 간 쫓고 쫓기는 게임에 뛰어든다. 새로운 테러리스트는 미국과 동맹국을 향해 대규모 공격을 준비한다.
20,20,데블스 아워,/t/p/w94_and_h141_bestv2/mFU6ZPAs6g8Y9Eld28GULJYt3rC.jpg,"10월 28, 2022",루시는 매일 밤 정확히 오전 3시 33분에 잠에서 깨어난다. 오랫동안 그녀의 인생에서는 납득되는 일이 없었지만 어딘가에 답은 존재한다. 잔혹한 살인 사건들의 흔적 끝에.
21,21,컨설턴트,/t/p/w94_and_h141_bestv2/dbmnbPdDIgH9RR1Cs0SkG4DaYgF.jpg,"2월 23, 2023","상사와 직원 간의 해로운 관계를 다룬 뒤틀린 코미디 스릴러 시리즈다. 앱 기반의 게임 회사 '컴프웨어'를 개선하기 위해 새로운 컨설턴트 리저스 패토프(크리스토프 발츠)가 고용된 이후, 직원들은 새로운 요구사항과 과제를 마주하게 되고 모든 것이 의문에 휩싸인다. 그들의 인생까지도."
22,22,모던 러브,/t/p/w94_and_h141_bestv2/cP9CJ9nvPT3cnnBSlGFgwq7odIR.jpg,"10월 18, 2019","사랑은 모든 규칙을 깬다. 이 앤솔러지 시리즈는 실제 사건에서 영감을 받았으며, 인간관계, 유대감, 배신, 폭로에 관한 다양한 이야기를 다룬다."
23,23,사냥꾼들,/t/p/w94_and_h141_bestv2/rbtgorwuTBoAu0Qm5IvZoQl75WU.jpg,"2월 20, 2020","1977년 뉴욕시를 배경으로 하며, 나치 수백 명이 미국에서 살고 있다는 사실을 알게 된 다양한 나치 사냥꾼들의 이야기를 다룬다. 끝내주는 자경단이라면 으레 그러듯, 이들은 복수와 정의를 위해 피의 여정을 떠난다. 하지만 거대한 음모를 알게 된 이들은 곧 나치의 새로운 집단 학살 계획을 막기 위해 시간에 쫓기는 싸움을 한다."
24,24,"LOL : Qui rit, sort !",/t/p/w94_and_h141_bestv2/bpYaVvYqqUfutvLMXxWHhKgeMaj.jpg,"4월 23, 2021",정보 없음
25,25,엘 인테르나도: 라스 쿰브레스,/t/p/w94_and_h141_bestv2/kl07N07l4XNjXF48oujzWXs40Dw.jpg,"2월 19, 2021",정보 없음
26,26,S.O.Z: Soldados o Zombies,/t/p/w94_and_h141_bestv2/arYdHX708nDq6oWNOSjw6NczWc5.jpg,"8월  6, 2021",정보 없음
27,27,LOL: Last One Laughing,/t/p/w94_and_h141_bestv2/85Fx3ax4PLQlAODI1K8Kk0kAUdO.jpg,"12월 13, 2018",정보 없음
28,28,LOL: Last One Laughing,/t/p/w94_and_h141_bestv2/85Fx3ax4PLQlAODI1K8Kk0kAUdO.jpg,"4월  1, 2021",정보 없음
29,29,LOL: Last One Laughing,/t/p/w94_and_h141_bestv2/jQA2IDhvceXTIdRBg8e1i2zmfKh.jpg,"12월 13, 2018",정보 없음
30,30,LOL: Last One Laughing,/t/p/w94_and_h141_bestv2/jQA2IDhvceXTIdRBg8e1i2zmfKh.jpg,"4월  1, 2021",정보 없음
31,31,내가 예뻐진 그 여름,/t/p/w94_and_h141_bestv2/a8x9tynN9kcwhSHLMbuj1nl2mM7.jpg,"6월 16, 2022","매년 여름, 벨리와 가족들은 커즌즈에 있는 피셔스 가족의 해변 별장으로 향한다. 매년 똑같던 여름은 벨리가 16세가 되던 해에 달라진다. 관계가 시험대에 오르고, 고통스러운 진실이 드러나며, 벨리는 영원히 달라지고 만다. 첫사랑과 첫 실연, 그리고 성장의 여름이자, 벨리가 예뻐진 그 여름이다."
32,32,높은 성의 사나이,/t/p/w94_and_h141_bestv2/8FppCRUwU0ecL8UT0MB5AdOh6f1.jpg,"1월 15, 2015","2차 세계대전에서 만일 연합군이 패했다면? 이라는 가정을 토대로, 독일과 일본이 세계를 양분하여 지배하는 음울한 가상의 1960년대를 배경으로 다양한 인간 군상이 빚어내는 이야기."
33,33,Manes,/t/p/w94_and_h141_bestv2/lRTIqUI2LrZJ07ns311lXG1GSBe.jpg,"2월 15, 2023",정보 없음
34,34,업로드,/t/p/w94_and_h141_bestv2/jVtYbiDDQljYv1uAagXfNjKe9pF.jpg,"4월 30, 2020","2033년, 인간은 자신이 선택한 가상 디지털 방식의 사후세계로 스스로를 ""업로드""할 수 있다. 컴퓨터 프로그래머인 네이선이 자율주행차 사고로 젊은 나이에 죽게 되자, 그는 매우 비싼 돈을 내야하는 가상의 디지털 사후세계인 ""레이크 뷰""에 업로드되지만, 곧 소유욕이 강하고 아직 살아 있는 여자친구 잉그리드의 손아귀에 넘어가게 된다. 네이선은 디지털 사후세계인 ""레이크 뷰""의 장단점에 적응하면서, 그의 살아있는 고객 서비스 담당자인 노라와 유대감을 형성하게 된다. 노라는 직업의 압박감, 업로드되고 싶지 않은 그녀의 아버지, 네이선에 대한 커져가는 감정과 함께 네이선이 살해당했다고 서서히 믿게 된다."
35,35,더 보이즈: 디아볼리컬,/t/p/w94_and_h141_bestv2/kZKfZWwFOAicgoKS2IO7oM1GuHZ.jpg,"3월  3, 2022","'디아볼리컬'과 함께 이전에 보지 못했던 '더 보이즈' 세계관에 깊이 빠져본다. 어째서인지 아직도 업계에 남아 있는, 기묘하고 뒤틀리고 광적인 연예인들이 새롭게 창작한 8부작 애니메이션 앤솔러지 시리즈."
36,36,멋진 징조들,/t/p/w94_and_h141_bestv2/hzEzugrfagYisxQXemGEuI4zcQA.jpg,"5월 31, 2019","태초부터 존재해왔지만 이미 인간 세상에 물든 천사 아지라파엘과 악마 크롤리는 음악도 못 듣고 맛있는 음식도 먹을 수 없는 종말 후 천국이 오는 것을 부정한다. 이에, 둘은 비밀리에 협정을 맺고 종말이 오지 않도록 훼방을 놓으려 한다."
37,37,골리앗,/t/p/w94_and_h141_bestv2/b7ygC3GRaq4xc0nkWdGnydtMfvD.jpg,"10월 13, 2016",빌리 맥브라이드는 젊었을 적 큰 거대 로펌까지 세웠을 정도로 유명하고 잘 나가던 변호사였으나 현재는 알코올 중독에 건망증까지 심해져버린 퇴물 변호사가 되어버렸다.  본인이 세운 쿠퍼맨 & 맥브라이드는 엄청난 거대 로펌이고 그곳에는 이혼한 본처가 아직 다니고 있다. 딸에게는 법원에서보다 바에서 더 많은 시간을 보내는 못난 아빠로 전처에게는 무능하고 타락한 일명 피해자들에게 소송을 유도해 돈을 버는 '앰뷸런스 체이서'로 낙인 찍혀버린 상태.  어느 날 그에게 쿠퍼맨 & 맥브라이드를 상대로 한 소송이 들어오는데.... 거대 로펌과 대항하는 소송이기 이전에 엄청난 음모와 살인 사건이 있음을 짐작한 주인공 빌리 맥브라이드.  과연 그가 명망 높았던 변호사로서 다시 활약할 수 있을까?
38,38,스니키 피트,/t/p/w94_and_h141_bestv2/5dU7taWEgoH1RnmBqyUKmcD4ig4.jpg,"8월  7, 2015",교도소에서 막 출소한 전직 사기꾼인 주인공이 감방 동료의 이름을 빌려 자신의 사기 기술을 활용해 자신보다 더 악한 이들을 잡아들이는 이야기
39,39,La que se avecina,/t/p/w94_and_h141_bestv2/hNx5WGPA5VwWx0MtF4kgSej64TX.jpg,"4월 22, 2007",정보 없음
40,40,시타델,/t/p/w94_and_h141_bestv2/xSmaD5pIg7PVWDnUCa0N9fz9b74.jpg,"4월 27, 2023","8년 전, 독립적인 국제 첩보국은 새로운 연합체인 맨티코어에 의해 파괴된다. 엘리트 요원인 메이슨 케인과 나디아 싱은 겨우 목숨을 건지지만, 이들의 기억은 지워진다. 8년 후, 메이슨의 전 동료인 버나드 올릭은 메이슨을 찾아와 맨티코어가 새로운 세계 질서를 수립하는 것을 도와달라고 한다."
41,41,해나,/t/p/w94_and_h141_bestv2/osUjcyKU50vvxUl2qq5CHP1hBZ2.jpg,"3월 28, 2019",단순하지만 독특한 콘셉트의 스릴러이자 주인공의 정신적 성장을 다룬 드라마 ‘해나’는 숲에서 자란 특별한 여자아이가 주인공이다. 해나는 CIA 요원의 끊임없는 추격을 피하며 자신이 누구인지 진실을 파헤치기 시작한다.
42,42,마블러스 미세스 메이슬,/t/p/w94_and_h141_bestv2/zS7fQiOZiKCVH2vlYSiIsFWW8hh.jpg,"3월 16, 2017","1958년 뉴욕, 어퍼 웨스트 사이드 고급 아파트에 사는 미지 메이슬의 인생은 남편과 아이들, 우아한 속죄일 기념 식사에 이르기까지 모든 것을 갖춘 듯 했다. 그러나 한 순간에 일어난 변화는 그녀를 평범한 가정주부에서 스탠드업 코미디언으로의 변신하게 만들었고, 그것이 주변의 모든 사람들에게 큰 충격으로 다가왔다."
43,43,루덴 - 레페르반의 왕들,/t/p/w94_and_h141_bestv2/kw5UkrJQIC5X2UPJfzcFBFW2Z66.jpg,"3월  3, 2023","실화를 바탕으로 한 폭력배에 관한 서사시 '루덴'은 1980년대 함부르크의 전설적인 레페르반의 포주 카르텔 누텔라 갱의 흥망성쇠를 이야기한다. 독특한 카르텔이 상파울리의 거친 홍등가를 화려한 곳으로 탈바꿈하지만, 이는 이미 자리 잡은 GMBH 포주들과 벌이는 권력 싸움의 시작이기도 하다."
44,44,클락슨 농장,/t/p/w94_and_h141_bestv2/yKc3FqwD2eanWBUwqcRH7bChE3V.jpg,"6월 11, 2021","영국에서 농부와는 가장 거리가 먼 제러미 클락슨과 강렬하고 고되지만 종종 큰 웃음을 주는 1년을 함께한다. 도움이 안 되는 날씨, 말 안 듣는 동물, 반응 없는 작물과 뜻밖의 팬데믹까지 상대해야 하는 제러미와 오합지졸 농부 군단. 지금까지 본 적 없는 제러미 클락슨을 만난다."
45,45,저스트 애드 매직,/t/p/w94_and_h141_bestv2/2RG9qsAs5WQtHOKkkb4REMQivq2.jpg,"1월 15, 2015","켈리와 그녀의 가장 친한 친구 두 명은 우연히 신비로운 요리책을 발견한다. 이들은 책의 요리법이 평범한 요리법이 아닌, 마법 요리법임을 알게 된다. 이들은 켈리 할머니를 강력한 저주로부터 구하기 위해 요리법을 사용하던 중, 할머니를 둘러싼 더 많은 단서들을 발견하게 되고, 각각의 조리법에는 대가가 따른다는 것을 알게 된다. 더 많은 비밀들이 저스트 애드 매직을 통해 드러난다."
46,46,프라이빗 매터,/t/p/w94_and_h141_bestv2/8MTaEQ0HoJHiF0TkSMhVZcA5X9c.jpg,"9월 16, 2022","1940년대 갈리시아, 형사의 영혼을 지닌 대담한 상류층 여성 마리나 키로가는 충실한 집사 엑토르의 도움으로 도시를 공포에 떨게 하는 살인범을 잡으려 한다."
47,47,그랜드 투어,/t/p/w94_and_h141_bestv2/ryuUHw2CNEdXafg4e5FuiUJpvVK.jpg,"11월 17, 2016","제러미 클락슨, 리처드 해먼드, 제임스 메이가 '그랜드 투어'로 돌아온다. 그들의 모험과 흥분, 우정을 다루며, 아무리 자동차 쇼라고 해도 친구라는 이들이 얼마나 성가신지 깨닫게 될 것이다. 세 사람과 함께 전 세계로 모험을 떠나 본다."
48,48,Hernán,/t/p/w94_and_h141_bestv2/adJ2jnpz77ai4coQqNzzBQ0OiXN.jpg,"11월 21, 2019",정보 없음
49,49,"Harina, El Teniente vs El Cancelador",/t/p/w94_and_h141_bestv2/7U1yGtb8Oz1Yej5idGh2mKtDQK5.jpg,"3월 10, 2022",정보 없음
50,50,엘 시드,/t/p/w94_and_h141_bestv2/qgKB7PgoAIUXNAs8xr4OjThgp4C.jpg,"12월 18, 2020","루이 디아스 데 비바르는 훗날 레온과 카스티야의 왕이 될 산초 왕자를 충성스럽게 모시는 젊은 시종이다. 그러나 타고난 검 실력으로 입신양명하기 위해 애쓰는 사이, 왕의 시해 음모에 휘말리게 된다. 이 음모로 인해 기독교도 왕국에서도 무슬림 타이파처럼 수많은 피바람과 고통, 죽음이 몰아치게 된다."
51,51,나는 네가 지난 여름에 한 일을 알고 있다,/t/p/w94_and_h141_bestv2/udvw5tHwEu8VI7e07qpVLZAw8o2.jpg,"10월 14, 2021","비밀로 가득한 마을에서 졸업식 날 밤 벌어진 치명적인 사고로부터 1년이 지난 후, 의문의 살인자가 한 10대 무리를 쫓는다."
52,52,산적의 딸 로냐,/t/p/w94_and_h141_bestv2/cFdQv0bmQqaTAtPJU5MhyfhIZ28.jpg,"10월 11, 2014",정보 없음
53,53,알렉스 라이더,/t/p/w94_and_h141_bestv2/2RpfJBZKOZHbxvJ07TwVeJ4J4hU.jpg,"6월  4, 2020",알렉스 라이더가 그의 삼촌 이안이 실제로 영국 스파이로서의 임무 수행 중에 살해되었다는 것을 알게 되면서 모든것이 바뀐다.
54,54,더 리그,/t/p/w94_and_h141_bestv2/buRe826xkgyU95nyMaDMuCNxfQn.jpg,"1월  6, 2023",북해에 위치한 석유 시추선 선원들이 귀환하려고 하는 순간 알 수 없는 안개가 몰려와 외부와의 모든 통신이 차단되면서 벌어지는 이야기
55,55,FC Barcelona: A New Era,/t/p/w94_and_h141_bestv2/v0mDpAGl2ttgIiQimB9wRBEZP5n.jpg,"12월 28, 2022",정보 없음
56,56,The Angry Video Game Nerd,/t/p/w94_and_h141_bestv2/ooVBPGUi2LQqHXJhqYj4eLJFrU6.jpg,"5월 25, 2004",정보 없음
57,57,La Jauría,/t/p/w94_and_h141_bestv2/siTwS1bBCzFFzjBEyoZg51jsfmv.jpg,"7월 10, 2020",정보 없음
58,58,모차르트 인 더 정글,/t/p/w94_and_h141_bestv2/4mTEw29l1HCfsHbBp2QCYxy82w3.jpg,"2월  6, 2014",오케스트라 지휘자 로드리고와 오보이스트 헤일리를 중심으로 오케스트라 연주자들의 이야기를 코믹하게 그린 드라마
59,59,마라도나: 축복받은 꿈,/t/p/w94_and_h141_bestv2/8HwaqczRltL1vjMlwJxeTJnm9e.jpg,"10월 29, 2021",마라도나는 마약 과다 복용으로 목숨이 위태로워진다. 디에고는 전설적인 축구 선수로 가는 길 위에 오른다.
60,60,더 와일즈,/t/p/w94_and_h141_bestv2/gHBtyMdHbWoM3tpM8VZymer8HfF.jpg,"12월 11, 2020",비행기 추락으로 무인도에 좌초된 다양한 배경의 십 대 여자아이들이 생존을 위해 사투를 벌이게 된다. 이들은 서로에 대해 그리고 각자의 비밀과 과거의 트라우마 등에 대해 알아가면서 충돌하기도 하고 친해지기도 한다. 하지만 이 스릴 넘치는 드라마에 반전이 있는데… 이들은 사고로 섬에 갇힌 게 아니다.
61,61,07년 졸업반,/t/p/w94_and_h141_bestv2/nl8UGByv5fiduCnUXJe2R1MpQLt.jpg,"3월 16, 2023",여자 고등학교 졸업 10주년 기념 동창회에 해일이 몰아치면서 동창들은 대재앙을 이겨내는 것은 물론이고 서로를 견뎌낼 방법을 찾아야 한다.
62,62,몽키키드,/t/p/w94_and_h141_bestv2/ufePz8xAtJBM4oz7llX7u2q5a9Y.jpg,"9월  9, 2021","오래된 전설 이야기를 좋아하는 소년 MK가 우마왕을 봉인하기 위해 산 꼭대기에 꽂혀 있던 몽키 킹의 황금봉을 발견한다. 우마왕이 풀려난 후, MK는 이 세대에 필요한 영웅이 되기 위해 자기 발견의 여정을 떠나게 된다. 고난과 시련을 거쳐 MK는 새로운 힘과 책임을 터득하고, 차후 세계를 덮칠 악당들을 쓰러뜨릴 방도를 얻게 된다. 황금봉을 손에 넣은 우마왕은 그 힘을 갑옷의 동력원으로 삼아 거대한 괴물이 되어 도시를 두려움에 떨게 한다. 한편 화과산에서 몽키 킹을 만난 MK는 우마왕을 쓰러뜨려달라고 부탁한다. 하지만 몽키 킹은 MK에게 이 세상에 필요한 영웅은 바로 너라고 말하며, 우마왕에 맞서 싸우고 자신의 운명을 받아들이도록 격려한다."
63,63,리퍼 스트리트,/t/p/w94_and_h141_bestv2/6w8yKYsA7RkuyauW224kBZQebFt.jpg,"12월 30, 2012","1888년 영국 런던에서 5명의 매춘부를 살인한 잭 더 리퍼 사건이 있은 후, 수사를 하고 있는 화이트 채플 경찰들의 이야기를 다룬 드라마."
64,64,El Buki: Las letras de mi historia,/t/p/w94_and_h141_bestv2/7ldWArnkH18oBDaOosGTpcCpRAQ.jpg,"12월 27, 2022",정보 없음
65,65,더 틱,/t/p/w94_and_h141_bestv2/8sngJVF54bugHfCkjJOsY4wx8Hk.jpg,"8월 19, 2016","단순한 회계사이지만 영리한 청년, 아더를 중심으로 펼쳐지는 액션 코미디."
66,66,로스트 인 오즈,/t/p/w94_and_h141_bestv2/bYPm31BjQed8fqbly7BFPjsOjLH.jpg,"6월 26, 2015","12살 소녀 도로시 게일은 충직한 강아지 토토와 함께 캔자스에 있는 집으로 돌아가기 위해 착한 마녀 글린다를 찾아 떠난다. 이 여정에서 도로시는 새 친구들을 만나고, 그들과 함께 상상도 할 수 없는 신비한 모험을 겪는다."
67,67,악당,/t/p/w94_and_h141_bestv2/5Fw4SQhCRZfmVR8QKVtCvRKSQqK.jpg,"12월  8, 2022","수로의 체포에 실패하고 공개적으로 망신을 당한 니노 스코텔라로의 삶은 하루아침에 끝장이 나고 만다. 마피아가 니노의 존엄성과 사랑, 자유를 모두 앗아가지만, 운명은 니노에게 두 번째 기회를 선사한다. 시칠리아로 돌아온 니노는 미국에서 온 사촌 발두초 레모라 행세를 하며 복수를 위한 계획을 실행한다."
68,68,Marc Márquez: All In,/t/p/w94_and_h141_bestv2/75KnQaNYRdGQ2eUOxkCHla98J0W.jpg,"2월 20, 2023",정보 없음
69,69,트랜스페어런트,/t/p/w94_and_h141_bestv2/mrLzehvZpm5osA4MlMR41gYayWZ.jpg,"9월 26, 2014",페퍼먼 가족의 가장인 모트의 극적인 고백으로 가족들의 비밀이 하나둘씩 밝혀진다. 각자가 어떻게 변하는지 깨닫기 시작하면서 그들의 인생은 서로 다른 방향으로 흘러간다.
70,70,무한의 주인: Immortal,/t/p/w94_and_h141_bestv2/QgzPVGxED2TLdMBQzzbXwu12D.jpg,"10월 10, 2019","무한의 주인은 일본의 만화로, 사무라 히로아키의 작품이다. 〈월간 애프터눈〉 에서 1993년 6월부터 2012년 12월까지 연재되었다. 작가의 데뷔작으로, 약칭은 무겐닌이다. 에도 시대를 배경으로 하고 있지만, 기발한 의상을 몸에 걸친 인물과 독창적인 무기가 다수 등장한다. 또한 본 작품의 특징은 주인공이 혈선충이라고 불리는 것을 몸에 품고 불로불사의 육체를 가지고 있다는 설정이 있다."
71,71,모던 러브 도쿄,/t/p/w94_and_h141_bestv2/bC4ygdG0TubCbYpM8USPdTed9Rq.jpg,"10월 21, 2022","뉴욕 타임스'의 동명 칼럼을 바탕으로 한 인기 Amazon 오리지널 시리즈 '모던 러브'는 2019년부터 방영되고 있다. 이제 새롭게 단장한 '모던 러브'가 도쿄를 배경으로 한 '모던 러브 도쿄'로 돌아온다. 7개의 에피소드로 이루어진 시리즈에는 주요 영화감독과 배우들이 참여해 거의 잊힌 사랑, 모자간의 사랑, 그리고 국경을 초월하는 사랑 등 다양한 '사랑'의 형태를 묘사한다."
72,72,Noticia de un Secuestro,/t/p/w94_and_h141_bestv2/gNlnZcrAKVkL2j7U1CN4EuqpLB9.jpg,"8월 12, 2022",정보 없음
73,73,De viaje con los Derbez,/t/p/w94_and_h141_bestv2/o1lAdiCYmCuDb25wyBCJQMeUhVA.jpg,"10월 18, 2019",정보 없음
74,74,아우터 레인지,/t/p/w94_and_h141_bestv2/nO2qkja0cYBlx59fJ89TnrzDvHe.jpg,"4월 14, 2022",자신의 땅과 가족을 지키려고 애쓰는 목장주가 와이오밍주의 황무지 끝에서 알 수 없는 미스터리를 발견하는 사건을 중심으로 진행된다.
75,75,프리스마,/t/p/w94_and_h141_bestv2/pIchcp9TPlGxKqbK78J3NqK6akj.jpg,"9월 21, 2022",마르코와 안드레아의 관계와 정체성을 탐색하는 드라마다. 두 사람은 똑같이 생긴 일란성 쌍둥이지만 서로 전혀 다른 방식으로 삶에 접근한다. 쌍둥이는 주위의 기대에 따르는 삶 대신 자신이 진정 원하는 삶을 살기 위한 자아 발견의 여정을 떠난다. 여기 동참한 두 사람의 친구들도 저마다 세상 속에서 있을 곳을 찾아 헤맨다.
76,76,솔로,/t/p/w94_and_h141_bestv2/szoC8f6wAXGmgn0aiSDroRx7Ngs.jpg,"5월 21, 2021","총 7개의 이야기로 구성된 ""솔로"" 는 앤솔러지 시리즈로, 인간으로 사는 것이 어떤 의미인지에 대해 기묘하고 아름다우며 가슴 아픈 놀라운 진실을 탐구한다. 이 시대 최고의 배우 8명이 참여했으며, 우리의 현재와 미래를 다루는 이 앤솔러지 시리즈는 모두가 공감하는 인류 역사상 가장 고립된 순간을 반영한다."
77,77,그들,/t/p/w94_and_h141_bestv2/aI5067AphKpSvg72O1JDwHi3eYz.jpg,"4월  9, 2021",'그들'은 미국을 배경으로 한 공포 시리즈다.  첫 번째 시즌은 1950년대에 노스캐롤리아나주에서 백인 동네인 로스앤젤레스로 이사한 흑인 가족이 주인공이다.
78,78,홈커밍,/t/p/w94_and_h141_bestv2/6GTzd7ZeivgBOrIn45720nsq0TU.jpg,"11월  1, 2018","선의. 이상한 상사들. 쌓여만 가는 피해망상. 걷잡을 수 없이 퍼지는 예상치 못한 결과들. 하이디 (줄리아 로버츠)는 군인들이 민간 생활에 적응하도록 돕는 홈커밍에서 일한다. 몇 해가 지난 후, 국방부에서 나온 직원은 새로운 인생을 시작한 하이디에게 홈커밍을 떠난 이유를 묻는다. 하이디는 자신이 자기 자신에게 말해 온 이야기에 전혀 다른 이면이 있음을 깨닫는다."
79,79,할렘,/t/p/w94_and_h141_bestv2/qDK5ZUl2ad2IxoRABbuvVt2NW9v.jpg,"12월  2, 2021","‘할렘’은 미국 흑인 문화의 성지인 뉴욕 할렘에 사는 세련되고 꿈 많은 네 친구의 이야기를 담고 있다. 카밀은 컬럼비아 대학교의 젊고 인기 많은 인류학 교수다. 다양한 문화의 연애 방식에 박식하지만, 본인의 연애 사업만큼은 마음대로 되지 않는다. 타이는 성공한 성 소수자 소개팅 앱 제작자로, 자신의 연약한 모습이나 사귀는 사람을 주변에 드러내길 꺼린다. 퀸은 엄청난 로맨티시스트이자 신탁 자금 패션 디자이너로 사업이 어려운 상황에서도 세상에 도움이 되고자 한다. 앤지는 자신감 넘치고 쾌활하며 솔직한 성격의 가수이자 배우로 퀸과 함께 집세 없이 화려한 삶을 즐긴다. 네 사람은 20대를 벗어나 일, 연애, 꿈 모두 새로운 단계에 들어선다."
80,80,패트리엇,/t/p/w94_and_h141_bestv2/xq3xeWFfjb8UeNy1y9JMUhL6Ptq.jpg,"11월  3, 2015","이란의 핵무기화를 막기 위해, 정보 요원 존 타브너는 모든 안전망을 포기하고 아주 위험한 미드웨스턴 공업 배관 회사 중급사원으로 ‘비공식 위장’을 하는 임무를 맡게 된다."
81,81,동,/t/p/w94_and_h141_bestv2/tl1Gyi1Ee9HCRD7IieZScoJL9I4.jpg,"6월  4, 2021","마약과 끊임없는 전쟁을 치르는 아버지, 그리고 마약을 도저히 끊을 수 없는 아들. 이 드라마는 동전의 양면과도 같은 이야기를 전한다. 경찰인 빅토르는 코카인 밀수를 소탕하기 위해 평생을 바친다. 아들인 페드루는 마약에 중독되고, 리우데자네이루의 악질 강도가 된다. 과연 아버지의 사랑으로 아들의 인생을 구원할 수 있을까?"
82,82,Grind,/t/p/w94_and_h141_bestv2/1mEhrkvKRy47wMunBoWKW2PFSXl.jpg,"1월 20, 2023",정보 없음
83,83,Dino Dana,/t/p/w94_and_h141_bestv2/3SpAcG3BywMrW458qRR8i8wlsBG.jpg,"5월 26, 2017",정보 없음
84,84,싱글로 살아남기,/t/p/w94_and_h141_bestv2/AekaNXu9c28e7Ujku95ml7rAhxz.jpg,"6월 26, 2020",행복을 원하는 30대 친구들의 이야기이다. 친구들과의 우정에 의지하면서 혼란 속에서 싱글로 사는 의미를 찾아 나서고 이런 여정을 통해 이들은 성장하고 깨닫는다. 사랑을 찾고 싱글로 사는 등 드라마 같은 인생이 때론 감당하기 어려워 보이지만 실상은 그렇지 않다는 걸 깨닫게 되는데...
85,85,미르자푸르,/t/p/w94_and_h141_bestv2/yuwE4sI4HxzAI4Sq2i1ja36kwCT.jpg,"11월 15, 2018","무자비한 아칸다난드 트리파티는 카펫 수출 사업으로 돈을 벌어들인 백만장자이자 미르자푸르의 보스이다. 아직 자리를 물려받기에 모자란 무나는 유산을 상속받기 위해 어떤 짓도 서슴지 않는다. 무나는 결혼식 도중 일으킨 사고로 인해 변호사 라마칸트 판디트와 그의 아들 구두, 바블루와 얽히게 되고, 이는 결국 무법 도시에서 야망, 권력, 탐욕이 한데 뒤섞인 싸움을 초래한다."
86,86,로어,/t/p/w94_and_h141_bestv2/xNixoyzlSfJVy3Lp7AB1Vwrg2Va.jpg,"10월 13, 2017","워킹 데드와 엑스 파일의 책임 프로듀서가 제작한 이 단편 시리즈는 에런 맨키의 팟캐스트 '로어'를 스크린으로 가져와 우리에게 최악의 악몽을 선사했던 실제 사건들을 파헤친다. 로어는 드라마틱한 장면, 애니메이션, 기록, 내레이션 등을 종합하여 뱀파이어, 늑대인간, 시체 도둑 등 우리가 아는 괴담이 어떻게 사실에 기초하고 있는지 알아본다."
87,87,쿵푸 팬더: 팬더 마을의 운명,/t/p/w94_and_h141_bestv2/byv0s9soOczVk0mD2f3gLm8spzZ.jpg,"11월 15, 2018",네 명의 꼬마 팬더들은 우연히 고대 쿵푸 마스터의 기를 얻게 된 후 용의 사부 포에게서 쿵푸를 배우고 모험을 시작한다.그들은 팬더 마을에서 비밀스럽게 수련을 해왔지만 그들의 기를 빼앗아 세상을 다스리려는 평화로운 수도승인 척 하는 고대 악당에게 맞서야 한다.
88,88,유토피아,/t/p/w94_and_h141_bestv2/oMY53BtS9vOTAhKgWr2gNYyLBOw.jpg,"9월 25, 2020","유토피아는 기이한 만화 ‘유토피아’의 음모가 진짜라는 걸 알게 되면서 뭉친 한 무리의 젊은 팬들을 따라가는 음모 스릴러다. 이 드라마는 우리가 알고 있는 것처럼 인류와 세계의 멸망을 예언하며, 야망에 찬 이 언더독들은 극도로 꼬이는 모험에 나서며 그 와중에 발견한 것들을 폭로해서 자신들, 그리고 결정적으로 인류를 구하려 한다."
89,89,내 안의 나,/t/p/w94_and_h141_bestv2/5Byf0mciDQU8sMtw0pjsV3veKaq.jpg,"3월 16, 2023",정보 없음
90,90,LOL: Chi ride è fuori,/t/p/w94_and_h141_bestv2/mWyhHaKtXTUwgCRwNcfp7z8QcLH.jpg,"4월  1, 2021",정보 없음
91,91,디아블로 가디언,/t/p/w94_and_h141_bestv2/GOG2NTHEtgvrLIAHoqOi243Cdn.jpg,"5월  3, 2018","멕시코에서의 삶이 싫증 난 비올레타는 돈 가방을 들고 뉴욕으로 달아난다. 작가인 피그는 이야기의 소재를 찾는 데 혈안이 되어 있다. 비올레타는 피그를 수호 악마로 삼게 되고, 앞일은 생각하지 않은 채 마음껏 법을 어기며 몸을 팔아 돈을 번다. 그러던 중 네파스의 함정에 걸려들고 만 비올레타는 자유를 되찾기 위해 탈출을 감행한다."
92,92,질투 게임,/t/p/w94_and_h141_bestv2/yP8ORJ1uvBbYuGoPlLTTHWdMp6X.jpg,"10월  7, 2022",절친 넷의 축하 파티가 악몽 그 자체로 변한다. 우정과 질투가 한자리에 있으면 독이 되는 법.
93,93,루프 이야기,/t/p/w94_and_h141_bestv2/56D0QFyLhrRp1ZTBz8Gw10qtZas.jpg,"4월  3, 2020",사이먼 스탈렌하그의 경이로운 그림에서 착안한 '루프 이야기'. 우주의 신비를 탐험하고 과학 소설로 격하할 만한 일들을 가능케 할 기계인 루프 주변에 사는 이들의 초현실적 모험을 다룬다.
94,94,나이트 스카이,/t/p/w94_and_h141_bestv2/juwOjcai3aYJvybwAhLS79miHq1.jpg,"5월 19, 2022","은퇴한 부부 아이린과 프랭클린 요크는 비밀을 간직하고 있다. 뒷마당 지하에는 기이한 버려진 행성으로 향하는 기적 같은 방이 있다는 것. 수수께끼 속의 젊은 남자가 도착하자, 조용히 지내던 요크 부부의 인생은 뒤집히고 자신들이 잘 안다고 생각했던 의문의 방은 그 상상 이상의 장소인 것으로 드러나고 만다. 시시 스페이섹과 JK 시먼스가 출연한다."
95,95,디너 클럽,/t/p/w94_and_h141_bestv2/bN0ExkmOkGX3ktyZ90MprSps3ao.jpg,"9월 24, 2021",정보 없음
96,96,언던,/t/p/w94_and_h141_bestv2/wwCclQaT9tIAHVbAkGwQvnNUSm6.jpg,"9월 12, 2019",자기파괴적 성격을 가진 고집불통 주인공 ‘알마’는 동생의 결혼식을 앞두고 치명적인 자동차 사고를 당한다. 하지만 사고를 당하기 전 창밖으로 어렸을 때 죽은 그녀의 아버지를 보게된다. 병원에서 생사의 경계선을 넘는 동안 다시 나타난 아버지는 실제로 말을 걸고 과거 자신이 죽은 이유를 찾아달라고 한다. 시도때도 없이 그녀에게 나타나는 시간여행과 차원이동을 두고 병원에선 그녀에게 조현병과 정신분열일 수 있다고 한다. 하지만 이런 와중에 남자친구는 뭔가 미심쩍은 행동을 하기 시작하고 동생의 결혼은 다가온다. 과연 그녀는 아버지의 죽음에 얽힌 비밀을 풀 수 있을까? 또한 동생의 결혼식은 무사히 마칠 수 있을까?
97,97,ショート・プログラム,/t/p/w94_and_h141_bestv2/6xwZ0R7sYPpz0m5WpHyeVtcs2ww.jpg,"3월  1, 2022",정보 없음
98,98,닌자라,/t/p/w94_and_h141_bestv2/2EkTiYPBvW3R1221Sk4436PkoHt.jpg,"1월  8, 2022",몸 안에 잠들어있는 시노비의 힘을 보다 강력하게 끌어내 주는 '닌자껌'
99,99,Deutschland,/t/p/w94_and_h141_bestv2/4fuXvK2RSPrDupmiidke165u7lt.jpg,"6월 17, 2015",정보 없음
100,100,페이퍼 걸스,/t/p/w94_and_h141_bestv2/6eaySyOW29li0CgXHqy7pgb0IUT.jpg,"7월 28, 2022","1988년 헬 데이, 에린, 맥, 티퍼니, KJ의 신문 배달 경로가 방해받으면서 이들은 자신도 모르게 시간을 여행하게 된다. 시즌 1에서는 1988년의 집으로 돌아가려는 소녀들의 여정을 다룬다. 이 과정에서 이들은 타임라인 통제권을 두고 싸우는 두 분파를 만나고, 자신들의 미래와 마주하면서 미래의 자신들이 살아가는 현실을 받아들이려 애쓴다."
101,101,패밀리맨,/t/p/w94_and_h141_bestv2/7HGh3YX5vZHZ2TMd10JZZ2gcMay.jpg,"9월 20, 2019","짜릿한 액션 드라마 시리즈 패밀리맨. 테러로부터 나라를 지켜야 함은 물론, 기밀 유지와 압박에 시달려야 하는 박봉의 직업 때문에 흔들리는 가족까지 지켜내야 하는 국가수사국 특별 요원인 중산층 주인공의 이야기를 그렸다."
102,102,"Iosi, el espía arrepentido",/t/p/w94_and_h141_bestv2/pwEg9DQxndVp4xEKn5xWd1RCu9I.jpg,"4월 29, 2022",정보 없음
103,103,장 클로드 반 존슨,/t/p/w94_and_h141_bestv2/1xWb5jAoe2s8ufyxNLrEweVOp1o.jpg,"8월 19, 2016","세계적인 무술 액션 배우인 장 클로드 반담이 세계적인 무술 액션 배우인 ""장 클로드 반담""이면서 에이전시에 소속된 ""존슨""이란 비밀 공작원을 연기한다."
104,104,미망인,/t/p/w94_and_h141_bestv2/f1UCZ21QfcfuOOQGnczTOJWk1dn.jpg,"2월 28, 2019",남편의 실종 사건을 파헤치기 위해 콩고로 떠난 조지아는 그곳에서 사랑하는 이가 겪은 진실을 찾으려 한다.
105,105,Martin Mystère,/t/p/w94_and_h141_bestv2/nAxpKhVuaMmPXx4iLUPa7lpEySY.jpg,"10월 23, 2003",정보 없음
106,106,Operación Marea Negra,/t/p/w94_and_h141_bestv2/euP8KQvgfWtpMdsjV2ixdod1pIA.jpg,"2월 25, 2022",정보 없음
107,107,Madres: amor y vida,/t/p/w94_and_h141_bestv2/te26INRvdvWfh2HBj0gUpl8IBno.jpg,"5월  8, 2020",정보 없음
108,108,핸드 오브 갓,/t/p/w94_and_h141_bestv2/uTykpEIdJmWVM5Q3N4QrZHjkkbP.jpg,"8월 28, 2014",판사 퍼넬 아들이 권총으로 자살을 하고 식물인간이 되면서 일어나는 이야기
109,109,쓰리 파인즈,/t/p/w94_and_h141_bestv2/czgQMaDBnuqYyLNxcN76lw14duB.jpg,"12월  1, 2022","캐나다 퀘벡의 작은 시골 마을을 배경으로, 베테랑 경감 아르망 가마슈(알프레드 몰리나)가 일련의 살인사건을 수사하며 묻혀 있던 비밀을 발견하게 되는 미스터리 드라마"
110,110,Sin límites,/t/p/w94_and_h141_bestv2/8RAmN8pN40ZGDT8tYp3savTrqPs.jpg,"6월 17, 2022",정보 없음
111,111,물드는 세계의 내일로부터,/t/p/w94_and_h141_bestv2/oFWVlKXVjBjLzlacSxANuII2LUe.jpg,"10월  5, 2018","이야기의 시작은 수십년 후의 나가사키. 작은 마법이 남은, 조금은 이상한 세계."
112,112,가면라이더 BLACK SUN,/t/p/w94_and_h141_bestv2/euD7DIigoWVI1iS3f5l3HnCGirL.jpg,"10월 28, 2022",가면라이더 시리즈 탄생 50주년 기념 기획의 일환인 가면라이더 BLACK의 리부트 작품
113,113,"Real Madrid, la leyenda blanca",/t/p/w94_and_h141_bestv2/tztDDxTtOR5Rp5FMSOCrBUWE0J0.jpg,"2월 11, 2022",정보 없음
114,114,엘 프레지덴테,/t/p/w94_and_h141_bestv2/cmVS5lcu9I1a2qMaA0TR38kSnJs.jpg,"6월  5, 2020","칠레의 작은 동네의 별 볼 일 없는 구단 회장이었으나 하루아침에 칠레 프로 축구 협회장이 된 세르히오 하두에. 하두에는 축구계의 대부 훌리오 그론도나의 제자가 되어 권력을 맛보고, 동시에 축구계의 거대 비리를 파헤치고 남미 축구 연맹 회장들을 전부 잡아들이려는 FBI의 핵심 열쇠가 된다."
115,115,Desaparecidos,/t/p/w94_and_h141_bestv2/8dwPtIg5UxZeqwAmzKJYo7tQ6oZ.jpg,"6월 19, 2020",정보 없음
116,116,Pastewka,/t/p/w94_and_h141_bestv2/g0xxcia1LBiSTlzbpglbTXsyEHz.jpg,"9월  9, 2005",정보 없음
117,117,피트더캣,/t/p/w94_and_h141_bestv2/eTug1KuDsrQ4jMIN6zaEnERfSnd.jpg,"12월 25, 2017",정보 없음
118,118,모던 러브 암스테르담,/t/p/w94_and_h141_bestv2/bRxWr1IwLEwjfIEdDJzwMhK5Zr2.jpg,"12월 16, 2022","드라마 시리즈 '모던 러브 암스테르담'에서는 여섯 가지 사랑 이야기를 다루며, 인생의 문제와 위기 속에서 사랑은 언제나 승리한다는 사실을 알려준다. 아이를 갖고 싶어 하는 소망, 개방적인 관계의 위기, 잃어버린 과거의 사랑을 슬퍼하고 새로운 사랑을 받아들여 미래에 적응하는 이야기까지. 어떤 형태가 됐든 사랑은 보편적이다."
119,119,"Selección Argentina, la serie - Camino a Qatar",/t/p/w94_and_h141_bestv2/dLeqKotFP8dTHk5fadCHlcc5iiV.jpg,"7월 22, 2022",정보 없음
120,120,트루스 시커스,/t/p/w94_and_h141_bestv2/zRva67XCxkCRt4WuobrVVysdufU.jpg,"10월 30, 2020",영국 전역의 버려진 정신 병원들과 발견되지 않은 제2차 세계 대전 벙커들을 찾아가 유령 출몰 장면을 촬영하는 파트타임 초자연 현상 수사관들에 관한 초자연 코미디다. 이들은 초자연 현상을 점차 경험해 갈수록 끔찍한 음모와 치명적인 결과를 마주하게 된다.
121,121,와일드 앤드 프리: 플로리아노폴리스,/t/p/w94_and_h141_bestv2/xC2TvgTQbRnXrI9MSl8yRzNFRl6.jpg,"3월 20, 2020","비아, 하몽, 타이, 루앙, 나트, 그리고 무릴루가 여름휴가를 즐기기 위해 플로리파에 돌아온다. 아나라는 새로운 친구가 합류해 말도 안 되는 일을 벌이는 한편, 신비로운 섬의 자연 경관과 밤에 즐길 만한 곳을 누빈다."
122,122,Súbete a mi moto,/t/p/w94_and_h141_bestv2/9Fsee2p5qiac3GGmQjRUOK8oCp0.jpg,"10월  9, 2020",정보 없음
123,123,투 올드 투 다이 영,/t/p/w94_and_h141_bestv2/xGBwXf02Mu2zzqxh6TomLC7xfk7.jpg,"6월 10, 2019","어느 비극적인 밤, 로스앤젤레스 카운티의 보안관보 마틴 존스의 삶은 무참히 깨지고, 그는 카르텔 군인, 야쿠자 암살단, 정체불명의 자경단으로 가득한 지하 세계에 발을 들여놓는다. 살인과 신비주의, 복수의 비현실적 여정에 빠진 마틴에게 과거의 죄가 서서히 목을 조여온다."
124,124,언더그라운드 레일로드,/t/p/w94_and_h141_bestv2/CrrTqw7LHafnbdH9UcK60aOZSm.jpg,"5월 13, 2021",남북 전쟁 전 남부를 배경으로 자유를 향한 코라 랜들의 필사적인 시도를 기록한다. 소문으로만 듣던 지하 철로를 찾기 위해 조지아주 대농장을 탈출한 코라는 남부 지하에서 단순한 비유가 아닌 실제 철로를 발견한다.
125,125,라우더밀크,/t/p/w94_and_h141_bestv2/n9OpiTPynQDamlNyBPZgubMunKL.jpg,"10월 17, 2017",까칠한 상담사 샘 루더밀크와 친구들은 그에게 상담을 받고 있는 친구들의 고민들을 직접 도와주며 살아가는 내용의 시리즈물
126,126,HITOSHI MATSUMOTO Presents ドキュメンタル,/t/p/w94_and_h141_bestv2/9toue2Z4gBmiubgvTnFBKjbKlW7.jpg,"11월 30, 2016",정보 없음
127,127,로마노프 가문,/t/p/w94_and_h141_bestv2/chZjmnJhKt9nliQy7gvwIPp7QQm.jpg,"10월 11, 2018","매드맨'의 제작자가 만든 '로마노프 가문'은 전 세계를 배경으로 자신들이 러시아 왕실 가족의 후손이라고 믿는 사람들에 관한 8가지 다른 이야기를 담은 단편 시리즈다. 에런 엑하트, 다이앤 레인, 이자벨 위페르, 크리스티나 헨드릭스, 존 슬래터리, 어맨다 피트, 잭 휴스턴, 캐스린 한, 노아 와일, 폴 라이저, 앤드루 라넬스 등이 출연한다."
128,128,짱구는 못말려 외전,/t/p/w94_and_h141_bestv2/xh1De5r8wVfNxxey2huJAIRQORx.jpg,"8월  3, 2016","짱구는 못말려 첫 방영 25주년을 기념해 2016년 8월 3일부터 프라임 비디오를 통해 방영된 단편 애니메이션이다. 시리즈마다 매주 수요일마다 1화씩, 총 13화까지 공개했으며, 총 52화의 에피소드가 공개되었다."
129,129,모 아니면 도: 아스널,/t/p/w94_and_h141_bestv2/4LztV8nZYJy30BVVpI1IwMhX8Dd.jpg,"8월  4, 2022","모 아니면 도: 아스널 편은 상징적인 이 축구팀의 잊기 힘든 한 시즌을 취재한다. 팬들이 경기장으로 돌아오면서 아스널의 감독인 미켈 아르테타와 그의 어린 팀에게는 과거의 영광을 되찾고 챔피언스리그에 진출해야 한다는 압박감이 시작된다. 전례 없던 구단 공개로 경기장 안과 밖에서의 울고 웃는 삶을 포착하고 있는 그대로의 드라마틱하고, 열정 가득한, 진정한 축구의 모습을 담았다."
130,130,도쿄 뱀파이어 호텔,/t/p/w94_and_h141_bestv2/sg2MBPMW8Ys11VTS51NxtLAC1vU.jpg,"6월 16, 2017","마나미가 22살이 되던 생일날, 식당에서 대량 살인이 일어난다. 마나미는 죽어라 도망쳤지만, 드라큘라의 일원인 케이와 코르빈, 일명 네오 뱀파이어의 야마다에게 쫓기게 된다. 마나미는 드라큘라 족을 구한다고 예언된 선택받은 사람이었다. 코르빈 족은 인간들의 피를 그들에게 공급할 수 있게 젊은 인간들을 모이게 하는 계획을 세운다. 케이의 임무는 무엇일까? 그리고 마나미의 운명은 무엇일까?"
131,131,Wir Kinder vom Bahnhof Zoo,/t/p/w94_and_h141_bestv2/i599uegofUJNvr8Ky5aNguPOhvq.jpg,"2월 19, 2021",정보 없음
132,132,Alpha House,/t/p/w94_and_h141_bestv2/m4IAk3Wefk5OpVAH7lnMXgjwbrB.jpg,"4월 19, 2013",정보 없음
133,133,유루캠프,/t/p/w94_and_h141_bestv2/5wJK1IMsWtWl1zyx7Uy4lg7rbNL.jpg,"1월  9, 2020",솔로 캠퍼 린이 나데시코와 만남을 계기로 캠핑의 새로운 즐거움을 알아가는 유유자적 일상 드라마
134,134,가면라이더 아마존즈,/t/p/w94_and_h141_bestv2/hOM8oJ0l02Hp0cEeOqzkeJlGv0m.jpg,"4월  1, 2016","가면 라이더 시리즈에서 제작한 4번째 작품으로, 길들여진 하루카와 길들지 않은 진, 두 상반되는 초점을 맞춘다. 다양한 인물들의 사고방식을 통해 시청자는 이 드라마의 미스터리한 이야기에 빠져들게 될 것이다."
135,135,पंचायत,/t/p/w94_and_h141_bestv2/gRKDEpUPd2pp2msmwdgEW34V0SL.jpg,"4월  3, 2020",정보 없음
136,136,다른 곳으로부터 온 급보,/t/p/w94_and_h141_bestv2/zMgkk0ri4IieIJKjKSROAFFl29p.jpg,"3월  1, 2020",정보 없음
137,137,크라이시스 인 식스 씬,/t/p/w94_and_h141_bestv2/fNb2QVOiqxmfDhn4r5F1zZRQog1.jpg,"9월 30, 2016",정보 없음
138,138,파라다이스 시티,/t/p/w94_and_h141_bestv2/fSWXCeTS80yR1vHTLVRRagyQmjQ.jpg,"3월 25, 2021",정보 없음
139,139,"Happy Family, Conditions Apply",/t/p/w94_and_h141_bestv2/6VJ0TfrbFWViDCJo9MxgcCIOO4E.jpg,"3월 10, 2023",정보 없음
140,140,FLAMES,/t/p/w94_and_h141_bestv2/cjYjzUaj8gkS1cynEMuvlGfVVmJ.jpg,"1월  5, 2018",정보 없음
141,141,페어팩스,/t/p/w94_and_h141_bestv2/oOEFB2yTmaDOoYsybgxJw7lz8UW.jpg,"10월 29, 2021",4명의 중학교 절친이 들끓는 과대비스트 문화의 심장인 로스엔젤레스의 페어팩스 애비뉴에서 끝없는 영향력을 추구하는 과정을 따라가 보세요.
142,142,잊혀버린 군대,/t/p/w94_and_h141_bestv2/8rAM0HCEsZIDfBobmsZtURZfqfN.jpg,"1월 23, 2020",거침없는 남녀 독립군 병사들과 소디가 인도 독립을 위해 치열한 전투를 벌이는 이야기. 2차 세계 대전 싱가포르 전투에서 영국군이 패배하면서 창설된 인도 국군은 불굴의 지도자 네타지 수바시 찬드라 보스의 지휘를 받았다.
143,143,프로노와 아이스크림,/t/p/w94_and_h141_bestv2/4BOfJlIY99rCrDFI2nR0ID6Isu8.jpg,"3월 11, 2022",정보 없음
144,144,패닉,/t/p/w94_and_h141_bestv2/yNsVFQsXW5CYtFkrDSu5BmLEtdF.jpg,"5월 27, 2021","텍사스주의 외딴 시골 마을인 카프를 벗어날 방법은 패닉 게임뿐이다. 매년 여름, 졸업반 학생들은 인생 역전의 기회가 달린 상금을 차지하기 위해 도전에서 이기려고 목숨을 건다. 두 명의 참가자가 사망한 후로 게임은 더 위험해졌다. 올여름에 참가한 23명의 도전자는 변화를 경험하게 될 것이며, 우승자는 단 한 명이다. 지금 게임이 시작된다."
145,145,포 모어 샷 플리즈,/t/p/w94_and_h141_bestv2/a4UNvDfbgk3AY7452dr9uGhulzB.jpg,"1월 24, 2019",미안한 기색도 없이 결점 많은 여자 네 명이 밀레니얼 시대의 뭄바이에서 생활하면서 사랑 혹은 잠자리를 하고 실수를 저지르면서 자신들이 우정과 데킬라를 어떻게 경험하는지 알아갑니다.
146,146,Tell Me Your Secrets,/t/p/w94_and_h141_bestv2/5tF2yaF1LEqVUem6PZCQHgT33Vr.jpg,"2월 19, 2021",정보 없음
147,147,숨의 무게 어둠 속으로,/t/p/w94_and_h141_bestv2/owTpRRYKO4VIuJWTKBSM1oCHF2T.jpg,"7월 10, 2020","6살 난 여자아이가 납치당하고, 납치범은 기묘한 몸값을 요구한다. 아비나쉬 박사는 딸의 몸값으로 누군가를 살해해야 하는데!"
148,148,번 더 위치,/t/p/w94_and_h141_bestv2/eNq68NjT1KOdorphIqYeZF0BM9b.jpg,"10월  2, 2020","'드래곤'―― 예로부터 가공의 생물이라 알려져 왔지만, 실제로는 '가상'도 '생물'도 아닌 '이형의 존재'이며, 런던에서의 사인의 많은 부분에 드래곤이 관여되어 있다고 한다. 그러나 일반 시민들은 드래곤의 모습은 고사하고 존재조차 모르며 오직 런던 뒤편으로 펼쳐진 거리 '리버스 런던'의 거주자만 모습을 볼 수 있는 것이었다."
149,149,매멀스,/t/p/w94_and_h141_bestv2/poSN0H5RWqQBZJxPUGyPY1JqppN.jpg,"11월 11, 2022","수상 경력에 빛나는 작가 제즈 버터워스의 어두운 코미디 드라마로, 현대 결혼 생활의 복잡성과 외도가 밝혀지면서 폭로와 비밀이 드러난다. 세계 80억의 인구 중 내 '짝'을 발견했다면? 과연 지키고자 애쓰는 약속을 지킬 수 있을까? 우리는 결국 포유류일 뿐인데 말이다."
150,150,후보자,/t/p/w94_and_h141_bestv2/z7R516ljjfrr3Wh6UUStdOxJxW.jpg,"7월 17, 2020","""후보자""는 오늘날 멕시코시티 에서 일어나는 스파이 활동,정치,범죄를 다룬 드라마로 두명의 CIA요원이 멕시코에서 가장 악명높은 마약왕를 검거하려고 잠입했다가 멕시코의 초 고위층 정치인들의 추악한 비밀을 밝히게 되는데...."
151,151,I'm a Virgo,/t/p/w94_and_h141_bestv2/6etCrOs3TtyeLsxsq5jth0VnAE8.jpg,정보 없음,정보 없음
152,152,모 아니면 도: 맨체스터 시티,/t/p/w94_and_h141_bestv2/2Q3mKXNX7rm2kyPesS9KEFs8VcN.jpg,"8월 17, 2018",[2018년 8월 17일 시리즈 프리미어] 이 획기적인 다큐 시리즈는 2017-18 시즌 최다승의 기록을 세운 프리미어리그 맨체스터 시티의 무대 뒤 모습을 쫓는다. 공개된 적 없는 전설적인 감독 펩 과르디올라 감독과의 탈의실 영상을 포함하여 세계 최고의 스포츠 클럽을 독점적으로 들여다 보고 경기장 안과 밖의 선수들의 삶을 파헤친다.
153,153,레드 옥스,/t/p/w94_and_h141_bestv2/jGI54TyocVBOAAfPmq8sytJGxeG.jpg,"8월 28, 2014","1980년대 대학교 2,3학년 여름방학 동안 레드옥스 컨트리클럽에서 일한 젊은 테니스 선수의 이야기."
154,154,모던 러브: 뭄바이,/t/p/w94_and_h141_bestv2/9fXl2UkUVF7jTw0tSMXhr13FHr7.jpg,"5월 13, 2022",정보 없음
155,155,Dark/Web,/t/p/w94_and_h141_bestv2/rqDwDcOBwOwSiu5iC37NvTx5B3M.jpg,"7월 19, 2019",정보 없음
156,156,모 아니면 도,/t/p/w94_and_h141_bestv2/a3VFOFuhHXcXVmvHIUVDA4K8KFo.jpg,"6월 30, 2016","역사상 처음으로 아마존과 NFL 필름스는 NFL 시즌 전체에 걸쳐 선수, 코치, 프랜차이즈 소유주의 삶을 전례 없는 내면을 보여준다. 실제 생활, 필드 위, 필드 밖, 그리고 그 사이의 모든 것을 목격하십시오."
157,157,라스트 타이쿤,/t/p/w94_and_h141_bestv2/6xFGbliDbSrJX1hUp9jKdQUY87A.jpg,"7월 28, 2017",할리우드 유망주인 몬로 스타가 시네마 스튜디오를 차지하기 위해 자신의 아버지와 같은 스승에게 고군분투하며 맞서는 이야기
158,158,Hostel Daze,/t/p/w94_and_h141_bestv2/5udeEf79fm9CN69mRlifBQcp1pY.jpg,"12월 13, 2019",정보 없음
159,159,아메리칸 플레이보이: 휴 헤프너 이야기,/t/p/w94_and_h141_bestv2/y4SnAInc7QqEHn95ENMnoWNS12T.jpg,"4월  7, 2017",정보 없음
160,160,エンジェルフライト 国際霊柩送還士,/t/p/w94_and_h141_bestv2/nrEv50DXiUWOBFqkay8NKGh5vtR.jpg,"3월 16, 2023",정보 없음
161,161,사랑해요 딕,/t/p/w94_and_h141_bestv2/a9i4d9BN1PduUwAmHaJn7Qzf4wy.jpg,"8월 19, 2016","격찬을 받은 여성 소설을 각색한 '사랑해요 딕'은 텍사스 마파의 다채로운 지적 공동체를 배경으로 한다. 드라마의 줄거리는 갈등을 겪는 부부 커플인 크리스와 실베르의, 딕이라는 이름의 카리스마 넘치는 연구소 교수를 향한 집착을 그리고 있다. 라쇼몽 스타일의 각 등장인물 시점(POV)을 통해 꼬인 결혼의 실타래 풀기, 예술가의 각성 그리고 원치 않는 메시아의 신격화를 말하고 있다."
162,162,Un Extraño Enemigo,/t/p/w94_and_h141_bestv2/1eEj4bFBvIz62uzsq8JvTQ0ry0g.jpg,"10월  1, 2018",정보 없음
163,163,뱅 뱅 베이비,/t/p/w94_and_h141_bestv2/7nuEdV5L60JlYnyFFPPR9NxZnUF.jpg,"4월 28, 2022",1986년. 알리체는 이탈리아 북부의 작은 마을에서 사는 16세 소녀다. 예전에 죽은 아빠가 아직 살아있다는 사실을 알게 되면서 알리체의 인생은 갑자기 달라진다. 알리체는 밀라노의 범죄 조직을 찾아가 아빠를 향한 사랑으로 위험한 범죄 세계에 뛰어든다. 그 세계에서 벗어나려 할 때는 이미 너무 늦었는지도 모른다.
164,164,Parot,/t/p/w94_and_h141_bestv2/jdbFmEno4uNTDGGyax1sNTjPQfj.jpg,"5월 28, 2021",정보 없음
165,165,포에버,/t/p/w94_and_h141_bestv2/dNKmZ96oGAAIHGB9KppVtLKOsdo.jpg,"9월 14, 2018","준과 오스카 부부는 캘리포니아 교외에서 안락하지만 지루한 삶을 살아간다. 몇 년째 같은 대화를 반복하고, 같은 음식을 먹으며, 같은 호숫가 집으로 여행을 간다. 하지만 준이 오스카에게 스키 여행을 제안한 후, 두 사람은 갑자기 낯선 경험을 하게 된다."
166,166,Gary and His Demons,/t/p/w94_and_h141_bestv2/wN6EU9KJ2K8fwFASuwDPWrAXkTn.jpg,"4월 15, 2018",정보 없음
167,167,Made in Heaven,/t/p/w94_and_h141_bestv2/7AZw2rwh6EYppveloeRtIweURSg.jpg,"3월  8, 2019",정보 없음
168,168,도쿄 여자 도감,/t/p/w94_and_h141_bestv2/uFD1J95XjCXVqAEJ4CMyRBvmaKB.jpg,"12월 16, 2016",아야(미즈카와 아사미)가 23세에 도쿄로 이사 온 이후 40세가 될 때까지의 과정을 그린다. 아야는 도시의 다양하고 도전적인 어려움을 겪으면서 다양한 가치와 견해에 적응하게 된다. 아야가 경력과 연애에 따라 다른 동네로 이사 다니는 모습을 지켜보게 된다.
169,169,사랑 중독자들,/t/p/w94_and_h141_bestv2/9PLtr53HZaSHBd3OVaYAeFjygON.jpg,"11월 30, 2022","조이는 모험적인 성행위 때문에 상사의 권유로 자립적 치료 모임 '사랑과 섹스 중독자들'에 참여하게 된다. 그 모임에서 로맨스 중독자 닐러, 연애 고자 벤, 남들에게 다 맞춰주는 기쁨조이자 예스맨 데니스를 만난다. 이들은 함께 연애와 성생활을 대하는 건전한 방식을 찾으려 노력한다."
170,170,그들만의 리그,/t/p/w94_and_h141_bestv2/3sqXMRpidT15QylW6GlQFuGpGCc.jpg,"8월 11, 2022","1943년, 카슨 쇼는 전미 여자 프로 야구 리그에 도전하기 위해 향한 시카고에서 프로 야구 선수를 꿈꾸는 다른 여성들을 만나 이 세계를 향한 인맥을 쌓아간다. 록퍼드 현지인인 맥스 채프먼 역시 리그 도전에 나서지만 거절당한다. 절친 클랜스의 도움으로, 꿈을 좇기 위한 새로운 길을 개척해야 한다."
171,171,지비에이트,/t/p/w94_and_h141_bestv2/wzUQ7hf5YUjua0UvxDb1tBIlmic.jpg,"7월 15, 2020",무대는 2030년 일본.
172,172,제임스 메이: 영국 사람이 가다,/t/p/w94_and_h141_bestv2/xA3xDIaGgu4ZA1z2bgQDHWV7zJK.jpg,"1월  3, 2020","추운 북쪽부터 따스한 남쪽까지, 제임스 메이의 거창한 일본 횡단기. 자연경관은 물론 현지인과의 만남과 현지 음식 체험을 통해 '떠오르는 태양의 나라'를 진정으로 이해하고자 한다."
173,173,메이킹 더 컷,/t/p/w94_and_h141_bestv2/lS53aYWSjx9qHf2RODATEbsX3yZ.jpg,"3월 27, 2020","메이킹 더 컷' 첫 시즌에서 하이디 클룸과 팀 건은 12명의 인정받는 디자이너와 함께 전 세계를 누빈다. 디자이너들은 뉴욕에서 파리로, 파리에서 도쿄로 옮겨 다니며 차세대 세계적 패션 브랜드가 되기 위해 경쟁을 벌인다. 매주 우승한 의상은 Amazon '메이킹 더 컷' 스토어에서 판매되며, 마지막까지 남은 한 명의 디자이너는 자신의 브랜드에 투자할 백만 달러의 상금을 받게 된다."
174,174,Z: 모든 것의 시작,/t/p/w94_and_h141_bestv2/dJxnK0conCaxk3HU4YPb3aQs9UZ.jpg,"11월  3, 2015","화려한 재즈 시대의 신여성이자 열정의 우상인 총명하고 아름다운 남부 미녀, 젤다 세이어 피츠제럴드에 관한 이야기다."
175,175,வதந்தி,/t/p/w94_and_h141_bestv2/yMlWD4vMzJzJbME8ghTP9a7cVZx.jpg,"12월  2, 2022",정보 없음
176,176,Danger & Eggs,/t/p/w94_and_h141_bestv2/3ZugH9DMsxLzhdp81cXLCziQgVq.jpg,"6월 30, 2017",정보 없음
177,177,카케구루이 트윈,/t/p/w94_and_h141_bestv2/34HTyZkXk2RXeQ6ohPaeZ4MfpYS.jpg,"3월 26, 2021","이 핫카오 학원에는 유메코가 없다. 유메코가 학교로 전학 오기 1년 전. 지극히 평범한 소녀 사오토메 메아리는 핫카오 학원에 편입학한다. 그러나 그녀를 기다리고 있는 것은 학교의 미친 룰, 도박의 세례였다. 이것은 카케구루이의 프리퀄, 또 한명의 「이방인」에 관한 이야기. 유메코와 쌍을 이루어 트윈. 사오토메 메아리의 「카케구루이」."
178,178,बंदिश बैंडिट्स,/t/p/w94_and_h141_bestv2/peu2gEFtP9XiGBiOcAf5ekQp5Fo.jpg,"8월  4, 2020",정보 없음
179,179,저스트 애드 매직: 미스터리 도시,/t/p/w94_and_h141_bestv2/qyxOHsLpn6ktH9gFngCV3AHvG9c.jpg,"1월 17, 2020","인기 시리즈 '저스트 애드 매직'의 이 스핀오프에서는 마법의 요리책이 새로운 수호자들인 의붓남매 조이와 레오, 그리고 그들의 위층 이웃 아이시에게로 옮겨가면서 베이 시티로 이동합니다. 이들 수호자 세 명은 각각 고유한 기술을 제공하는데, 요리책이 몇 세기에 걸친 미스터리를 드러내면서 이 세 명은 비밀 레시피를 찾기 위해 도시 곳곳으로 역사적 모험을 떠나게 됩니다."
180,180,The Stinky & Dirty Show,/t/p/w94_and_h141_bestv2/aGJmfMNyc6LZiXmE5z6f7zy5qwZ.jpg,"9월  1, 2016",정보 없음
181,181,Crushed,/t/p/w94_and_h141_bestv2/257TyvBArjQ19Yq60uZdi0SNBAW.jpg,"1월 12, 2022",정보 없음
182,182,모 아니면 도: 토트넘 홋스퍼,/t/p/w94_and_h141_bestv2/a3XKreto3MMZr0MDycFWyNn8MQz.jpg,"8월 31, 2020","손꼽힐 정도로 파란만장했던 시즌, 토트넘 홋스퍼 FC의 면면을 살펴본다. 대니얼 레비 회장은 시즌 중간에 마우리시오 포체티노 감독을 경질하고 조제 모리뉴 감독을 영입한다. 델레 알리, 손흥민, 해리 케인을 위시한 선수단은 세계적인 코로나바이러스 위기 속에서 유럽 강팀과 싸운다."
183,183,Inés del alma mía,/t/p/w94_and_h141_bestv2/q3lUWZSxNo7TWNxHwqHs0PQTkGA.jpg,"7월 31, 2020",정보 없음
184,184,Ana,/t/p/w94_and_h141_bestv2/nzPk9IxCXruC0VS6RVBHJ2i2WRp.jpg,"4월 21, 2020",정보 없음
185,185,El Pueblo,/t/p/w94_and_h141_bestv2/pDn2yQzkV1P9DaXDWI9yIsUoBEb.jpg,"5월 14, 2019",정보 없음
186,186,The Egos,/t/p/w94_and_h141_bestv2/pzl1P1kcSu8EOGigOZmhTbyMXIn.jpg,"6월 19, 2016",정보 없음
187,187,CHIVAS: El Rebaño Sagrado,/t/p/w94_and_h141_bestv2/zUSCkkPFC1gc79UdUSz6ZA1zUbH.jpg,"6월 17, 2021",정보 없음
188,188,토템스,/t/p/w94_and_h141_bestv2/rfNr4bwXgoqQhwdmzPcl1OWq4NS.jpg,"2월 18, 2022",정보 없음
189,189,Sin huellas,/t/p/w94_and_h141_bestv2/uazHemKtaMyBbDYdF8CjZUxFsNz.jpg,"3월 17, 2023",정보 없음
190,190,9월의 아침,/t/p/w94_and_h141_bestv2/c1Pcbi9vQvrCozH8XycYvZcnUlo.jpg,"6월 25, 2021","독립한 지 얼마 안 된 성전환 여성의 삶은 7년 전 함께한 여성이 낳은, 존재조차 알지 못했던 아들의 느닷없는 출현으로 뜻밖의 국면을 맞이한다."
191,191,Good Girls Revolt,/t/p/w94_and_h141_bestv2/nNsEg2qlCZcmonqAdhxJEq9DSka.jpg,"11월  4, 2015",정보 없음
192,192,Modern Love Hyderabad,/t/p/w94_and_h141_bestv2/zYGo7iIP4SJ1Cz814s8XQ42Dke2.jpg,"7월  8, 2022",정보 없음
193,193,WordWorld,/t/p/w94_and_h141_bestv2/j2GMXRdH7YE1w7uNfIx1qpwzmER.jpg,"9월  5, 2007",정보 없음
194,194,상처 속의 외침,/t/p/w94_and_h141_bestv2/8LVwnlFAAZscY4jDEJoE2Yx3vAS.jpg,"11월 10, 2022","다섯 명의 어린 시절 친구가 7년간 자신들을 갈라놓았던 문제를 해결하고 사랑과 천직, 찾기 힘든 행복을 찾는 서로를 응원하면서 함께 음악을 향한 꿈의 불씨를 되살리려 한다."
195,195,킥스,/t/p/w94_and_h141_bestv2/lEczQVS7u92ntfZQlqY1hpMie3N.jpg,"8월 26, 2016","가족과 함께 고향 반대편에 있는 캘리포니아로 이사하게 된 데빈 버크는 새로운 환경과 새로운 축구팀에 적응해야 하는 과제를 안게 된다. 그녀의 새로운 축구팀인 켄트빌 킥스는 예전 학교의 팀에 비해서 실력이 떨어지고, 그녀는 낯선 환경에서 새로운 친구들을 사귀는 것과 동시에 새로운 팀에서 리더로써 팀을 재정비 해야한다."
196,196,배트맨: 케이프 크루세이더,/t/p/w94_and_h141_bestv2/tJ7zq4VtvJqUyaRsLeNjpEFDXzk.jpg,정보 없음,정보 없음
197,197,Caronte,/t/p/w94_and_h141_bestv2/PWBQIkOlJzJolUDYHW0fp87NKC.jpg,"3월  6, 2020",정보 없음
198,198,더 레이크,/t/p/w94_and_h141_bestv2/ucCICS60CK5tfA50BXoQbEf8rKN.jpg,"6월 16, 2022",최근 이혼한 동성애자로 입양 보낸 딸 빌리(16)와 관계를 회복하려 애쓰면서 의붓누나 메이지 메이와 가족 별장에 대한 권리를 갖고 싸우는 저스틴(35)을 중심으로 캐나다의 별장에 대한 경험에 대해 이야기한다.
199,199,컬렉션,/t/p/w94_and_h141_bestv2/1mcVVIOzfdQ1gmAmr9q8GfL9o3h.jpg,"9월  2, 2016","전쟁이 할퀴고 간 황폐한 도시에서 패션의 왕국으로 거듭나는 과도기였던 1947년 프랑스 파리. 하이패션이 꿈틀거리는 이 시기에, 두 형제가 경영하는 ‘폴 사빈 양장점’을 중심으로 이야기가 펼쳐진다."
200,200,Zombieland,/t/p/w94_and_h141_bestv2/oSCpk8TPglfLLPsdynQqATehsi0.jpg,"4월 19, 2013",정보 없음
201,201,Días mejores,/t/p/w94_and_h141_bestv2/b6NcJ6qnBVPe6S0f2WWx5qQ2TqR.jpg,"4월 22, 2022",정보 없음
202,202,The Pogmentary: Born Ready,/t/p/w94_and_h141_bestv2/aGjbN05RY12u3XWzDI5yg72oCf1.jpg,"6월 17, 2022",정보 없음
203,203,방과 후 주사위 클럽,/t/p/w94_and_h141_bestv2/nR3qz5jkr8V9u6SbCrfr2RXTmt4.jpg,"10월  3, 2019","소심하고 사람을 상대하는 것이 서투른 소녀 타케카사 미키는 어느날, 한없이 밝고 전향적인 성격의 타카야시키 아야를 만나 친구가 된다."
204,204,Watchmen: Motion Comic,/t/p/w94_and_h141_bestv2/ytoCNZVDnAc60ncyIOQmRMMaSuD.jpg,"7월 17, 2008",정보 없음
205,205,Oasis,/t/p/w94_and_h141_bestv2/z6xugLPukxof4VE7k8J7cQzuER6.jpg,"3월 17, 2017",정보 없음
206,206,The Dangerous Book for Boys,/t/p/w94_and_h141_bestv2/28ONeijTc45BJi1Ff1iybdF5g88.jpg,"3월 29, 2018",정보 없음
207,207,पाताल लोक,/t/p/w94_and_h141_bestv2/duaaazbB49iKK4TMvekR3fQIVhU.jpg,"5월 15, 2020",정보 없음
208,208,파워,/t/p/w94_and_h141_bestv2/pTeb4EsTy3hoVFpg9FnLIF3glZ5.jpg,"3월 30, 2023","'파워'에 등장하는 세계는 지금 우리의 세계와 같지만 자연의 섭리에서 딱 한 가지 반전이 있다. 어느 날 10대 소녀들이 자신이 원할 때 사람을 감전시킬 수 있게 된 것이다. 런던, 시애틀, 나이지리아, 동유럽에 사는 10대들을 중심으로 이야기가 펼쳐지며, 처음엔 쇄골에서 살짝 찌릿하게만 느껴졌던 '힘'이 점차 진화해 힘의 균형을 뒤엎을 만큼 강력해진다."
209,209,페르난도,/t/p/w94_and_h141_bestv2/znAzSRVpP0N2uzF9Wu4q8WTKrE8.jpg,"9월 25, 2020","2020년 9월 Amazon Prime Video에서 방영을 시작한 다큐멘터리. 내년 포뮬러1으로 복귀하는 페르난도 알론소. 1981년 스페인 아스투리아스에서 태어난 그는 드라이버 커리어에서 가장 특별한 순간을 맞이하고 있다.  2005년과 2006년 연속으로 포뮬러1 챔피언에 등극한 그는 2018년과 2019년 르망 24시 내구레이스까지 우승하며, 모터스포츠 역사상 단 한 명만이 이룬 트리플 크라운을 달성하기 위해 인디 500 우승에 도전한다. 역사에 남을 위대한 그의 도전은 과연 결실을 맺을 수 있을까?"
210,210,Historias para no dormir,/t/p/w94_and_h141_bestv2/fH5H0SqX7XcSu4rQEa2ZNKrBiAX.jpg,"11월  5, 2021",정보 없음
211,211,라콘 민 엑,/t/p/w94_and_h141_bestv2/mdgwfqIdkO75Z0XVUgvisFdvPjl.jpg,"10월 13, 2017",15세의 아카쉬가 하고 싶은 일이라고는 모방 비디오를 만들어 인터넷에 올리는 것뿐이다. 대신 아카쉬는 IIT 대학 입시 학원인 지니어스 인피니티에 들어가고 수업을 따라가지 못해 D 구역에 배정받게 된다. 룸메이트 바크리 추다일과 함께 이제 아카쉬는 삶이 던지는 다지선다 문제를 푸는 방법을 배우게 될 것이다.
212,212,Costume Quest,/t/p/w94_and_h141_bestv2/h77HorGHCAK4Odvsjvwyiieodp4.jpg,"3월  7, 2019",정보 없음
213,213,Sentença,/t/p/w94_and_h141_bestv2/uGozGq4skp2bYfNeJWscx8bHIw2.jpg,"4월 15, 2022",정보 없음
214,214,니코와 빛의 검,/t/p/w94_and_h141_bestv2/AsiXFOliQUKM6bOO4FfkGDAffko.jpg,"7월 21, 2017","어둠의 그림자가 세상을 뒤덮고 순수한 생명체들은 끔찍한 괴물로 바뀐다. 어둠과 싸워 세상의 빛을 되찾기 위해 남은 한 명의 용사 니코. 사악한 마법사 나르에스트를 물리치고 인간들을 그 감옥에서 풀어주기 위해, 니코는 마법의 검을 가지고 공주의 도움을 받아 저주받은 화산으로 여정을 떠난다."
215,215,Annedroids,/t/p/w94_and_h141_bestv2/AeEDjd4SKDpJCQ9HNGNZ6qvyUhs.jpg,"7월 25, 2014",정보 없음
216,216,One Mississippi,/t/p/w94_and_h141_bestv2/ammJk1A1ejPPNEpqbJ3sy9Ci1XL.jpg,"9월  9, 2016",정보 없음
217,217,별에서 온 그대,/t/p/w94_and_h141_bestv2/1Bz4e8cBLpW6h4o5otcPFsQbqcn.jpg,"2월 23, 2022","대학 강사로 일하고 있지만 사실 '외계인'인 도야마 미쓰루는 400년 전부터 일본에서 나이를 먹지 않은 채 생활하고 있다. 3개월 후 우주로 돌아갈 수 있게 된 미쓰루는 '도도하고 성가신 배우' 사사하라 쓰바키와 만난다. 같은 건물 이웃인 둘은 당연히 부딪치기 시작하는데…? 400년 전 자신 때문에 목숨을 잃은 여자와 닮았다는 걸 깨닫고, 미쓰루는 쓰바키를 의식하게 된다. 그런데 한 라이벌 배우의 자살이 쓰바키가 원인인 것처럼 알려지면서 쓰바키는 톱 배우의 자리를 소꿉친구 유키노에게 빼앗기며 추락한다. 힘들어하는 쓰바키를 소꿉친구 히로야가 돕는 한편, 미쓰루는 미움받는 쓰바키를 돕는다. 가끔은 초능력도 써가면서… 하지만 미쓰루는 쓰바키를 좋아해서는 안 된다고 다짐한다. 어차피 곧 고향으로 돌아가야 하니까…"
218,218,우리가 보는 세상,/t/p/w94_and_h141_bestv2/bh7OXB05LgElZDMOoxFNSJL9o4h.jpg,"1월 20, 2022","자폐증을 앓고 있는 20대 룸메이트 잭, 해리슨, 바이올렛이 직장을 구하고, 문제없이 다니고, 친구를 사귀고, 사랑에 빠지고, 자신들을 피하는 세상을 살아가는 이야기를 다룬다. 룸메이트들은 가족, 보조인, 때로는 서로의 도움을 받으며 독립과 수용을 위한 자신들만의 독특한 여정 속에서 어려움을 경험하고 성공을 축하한다."
219,219,Inside Edge,/t/p/w94_and_h141_bestv2/Icj26LzVEgow4WFFXlYu6ARyvP.jpg,"7월 10, 2017",정보 없음
220,220,볼테르 고등학교,/t/p/w94_and_h141_bestv2/24I5eM0PCsflpaGc5hMa99afn9s.jpg,"6월 14, 2021",1963년 볼테르 고등학교의 개학일이다! 사상 최초로 여학생과 남학생이 함께 공부하게 된다. 남녀 공학의 첫해는 선생님들에게나 학생들에게나 충격으로 가득할 것이다.
221,221,Rev & Roll,/t/p/w94_and_h141_bestv2/zrq5077acJBY0Gyi1mznDXti1Qr.jpg,"9월  2, 2019",정보 없음
