,count,title,poster,release_date,over_view
0,0,만달로리안,/t/p/w94_and_h141_bestv2/9wOTABT35GsYNHtmFnxbRYN9d24.jpg,"11월 12, 2019","은하 제국이 붕괴한 후, 고독한 총잡이는 은하 외곽에서 현상금 사냥꾼 일을 하며 홀로 살아간다."
1,1,멀티버스의 밀라,/t/p/w94_and_h141_bestv2/ojqIechyCSSM87li6oL2Wyt9zhJ.jpg,"1월 25, 2023","멀티버스를 여행하며 엄마 일리스를 찾으려는 16살 소녀 밀라의 모험 이야기. 멀티버스를 여행하며 수상하고 위험한 조직의 요원들을 마주하게 되는데, 이들은 모든 세계를 파괴하려 한다. 밀라는 광활한 멀티버스를 구하기 위해 이들과 맞서 싸워야 한다."
2,2,윌로우,/t/p/w94_and_h141_bestv2/sUNpu0Pd3YGRV3MqTovVuRx9RI4.jpg,"11월 30, 2022",위대한 마법사 윌로우와 각양각색 좌충우돌 영웅들의 세계를 구하기 위한 위대한 전설의 시작!
3,3,마블 루차 리브레 에디션: 마스크의 기원,/t/p/w94_and_h141_bestv2/pwQ6GO05De3pj6u5U6x3psGI2Fz.jpg,"1월 18, 2023",다큐멘터리 제작진이 모두가 탐내는 챔피언 벨트를 위한 마지막 경기에 리르기까지의 극적인 경기들을 통해 마블의 슈퍼히어로에서 아이디어를 얻은 레슬러들을 따라갑니다. 하지만 엘 심비온테라고 하는 위험물이 경기를 위협합니다.
4,4,로키,/t/p/w94_and_h141_bestv2/xNpqbYzKvL2hmG8L8myIkF9uLGR.jpg,"6월  9, 2021","2021년 6월 Disney+에서 방영을 시작한 드라마. 어벤져스: 엔드게임의 2012년 뉴욕 전투 직후. 아스가르드로 연행되던 로키는 뜬금없이 자신 앞에 밀려온 테서랙트를 들고 탈출해 또다른 가능성의 로키로 분화된다. 하지만 엉겹결에 고비 사막 한 가운데에 추락한 로키는 포털을 열고 나타난 TVA 요원들에 의해 단숨에 제압당하고 연행된다. 한편 1549년 프로방스 지방에 있는 성당, 모비어스는 이곳에서 헌터들에게 시간선 간섭이 일어났다는 보고를 받는데..."
5,5,변호사 쉬헐크,/t/p/w94_and_h141_bestv2/LEXtdLNI3SrzAA2bd5xJsXm2Ee.jpg,"8월 18, 2022",꽃다운 30대 솔로. 직업은 슈퍼휴먼 사건 전담 변호사. 특이 사항은 늘씬한 2m 키에 초록색 꿀피부. 그리고 힘이 좀 세다고나 할까? 사람들은 이런 나를 슈퍼 히어로 쉬헐크라 부르지. 난 평범한 제니퍼 월터스이고 싶은데.
6,6,스타워즈: 안도르,/t/p/w94_and_h141_bestv2/e1TmfQtcZyZlsQqMtEzwoNnfhT7.jpg,"9월 21, 2022",기만과 음모로 얼룩진 위험한 시대. 무자비한 은하 제국의 압제에 맞서 반란의 불씨가 된 카시안 안도르. 반란군 영웅으로 거듭날 그의 운명적인 여정이 시작된다.
7,7,스타워즈: 배드 배치,/t/p/w94_and_h141_bestv2/49otrKpUVzMz8O2Wd02urwakYLY.jpg,"5월  4, 2021",배드 배치는 급변하는 은하계에서 자신들의 길을 찾아야 한다.
8,8,문나이트,/t/p/w94_and_h141_bestv2/h9fjtMeoaI3LrW8avMZoJPoniLZ.jpg,"3월 30, 2022","온화한 성격의 기념품점 직원, 스티븐 그랜트는 일시적 기억 상실과 또 다른 생의 기억으로 힘들어하는 도중 자신이 해리성 정체 장애를 갖고 있다는 것과 마크 스펙터라는 용병과 몸을 공유한다는 사실을 알게 된다. 스티븐/마크에게 적이 모여들자 둘은 얽힌 정체성을 넘나들며 이집트의 강력한 신들 간의 위험한 미스터리에 빠져든다."
9,9,스타워즈: 클론전쟁,/t/p/w94_and_h141_bestv2/e1nWfnnCVqxS2LeTO3dwGyAsG2V.jpg,"10월  3, 2008","어둠의 세력으로 인해 은하계 전체가 전쟁에 휩싸이고 제다이 기사단 역시 평화를 회복하기 위해 전투에 나선다. 그러나 점점 더 많은 행성들이 다크 사이드 포스의 손아귀에 빠져든다.  은하계의 미래가 달려있는 임무를 맡게 된 '아나킨’과 그의 제자 '아소카'. 둘은 은하계 범죄단의 수괴 '자바 더 헛'의 아들이 납치 당하자 그 아들을 구출하기 위해 떠난다.  한편, ‘오비완’과 ‘요다’는 클론군대를 이끌고 다크 사이드 포스 진영에 맞서 먼 훗날 전설로 기억될 클론전쟁을 시작하는데…"
10,10,북 오브 보바 펫,/t/p/w94_and_h141_bestv2/A5EAZoRPv7ia3sqRkcW5XogCDGF.jpg,"12월 29, 2021",2021년 12월 Disney+에서 방영을 시작한 SF물.  전설적인 현상금 사냥꾼 보바 펫과 용병 페넥 쉔드가 행성 타투인의 모래땅에 대한 권리를 주장하기 위해 우주를 항해하는 이야기.
11,11,3인칭 복수,/t/p/w94_and_h141_bestv2/2uI87oGnS6sUORMVVZltZYAlrZh.jpg,"11월  9, 2022",쌍둥이 오빠의 죽음에 얽힌 진실을 찾아 나선 찬미와 불공평한 세상에 맞서 복수 대행을 시작한 수헌. 인생을 뒤흔든 충격적인 사건에 휘말리면서 벌어지는 하이틴 복수 스릴러.
12,12,런어웨이,/t/p/w94_and_h141_bestv2/2Lss0t2ouTnGSnQggg15W6MYI2M.jpg,"6월 14, 2022","종군 사진기자인 메흐메트와 그의 친구이자 기자인 일케르, 그리고 독일에서 온 팀과 정치 운동가 제이넵은 야지디 마을을 방문하기 위해 불법으로 국경을 넘는다. 그러나 급진 테러 조직이 마을을 습격하고, 일행은 포로로 붙잡힌다. 이들은 이제 탈출을 위한 일생일대의 승부를 걸어야 한다."
13,13,완다비전,/t/p/w94_and_h141_bestv2/1nXxHkT755aHbHrt42HEIIUaKM9.jpg,"1월 15, 2021","초능력을 가진 완다 막시모프와 비전, 이 두 명이 이상적인 교외 생활을 하는 도중 뭔가 잘못됐다는 느낌을 받기 시작한다."
14,14,호크아이,/t/p/w94_and_h141_bestv2/tvzOzfQz2M2DLXNkg4gNbcYEOc0.jpg,"11월 24, 2021","2021년 11월 Disney+에서 방영을 시작한 미니시리즈. 어벤져스이던 클린트 바튼(일명 호크아이)에게 블립 이후 뉴욕을 배경으로 일어나는 일을 다룬 오리지널 시리즈로서, 클린트는 크리스마스를 맞이해 가족에게 돌아가고자 하지만, 과거와 엮인 위험을 감지하고는 마지못해 자신의 열혈 팬이자 활 솜씨가 뛰어난 22살 케이트 비숍과 함께 범죄 음모 수사에 나서게 된다."
15,15,디즈니 갤러리 / 스타워즈: 만달로리안,/t/p/w94_and_h141_bestv2/31P3NAMgtWz7Ejmj6uNHUzMxDWq.jpg,"5월  4, 2020","디즈니 플러스의 시리즈 ""만달로리안"" 제작 당시의  비하인드 씬들을 담았다."
16,16,왓 이프...?,/t/p/w94_and_h141_bestv2/5MfM1YZTby5EsIiPsEyuc5SWfSZ.jpg,"8월 11, 2021","마블시네마틱 유니버스(MCU)의 내용을 반전시켜, 영화의 유명 사건들을 기발한 방법으로 다시 그려낸다. 마블 스튜디오의 첫 애니메이션 시리즈로 MCU의 다양한 영웅들 중심으로 내용이 전개 되며, 그 역을 맡았던 유명 스타들이 목소리 출연진으로 나온다."
17,17,오비완 케노비,/t/p/w94_and_h141_bestv2/oy2y5oKXsjwdD4uFf6aAG4221xa.jpg,"5월 26, 2022","2022년 5월 Disney+에서 방영을 시작한 스페이스 오페라. 아나킨에게  인생 최악의 패배를 겪은 오비완 케노비. 절친한 벗이자 제다이 견습생었던 아나킨 스카이워커가 타락하여 사악한 시스 군주 다스 베이더가 되어 버린 후 10년이 흐른 지금. 암울한 시대, 희망의 불씨를 되살려낼 그가 돌아온다. 다시 한 번 제다이로서 임무를 수행해 내기 위해."
18,18,"러브, 빅터",/t/p/w94_and_h141_bestv2/xnZYv0myYIhKW0iPDTh697n5qu0.jpg,"6월 17, 2020","많은 호평을 받은 베키 앨버탤리의 소설 '사이먼 vs 더 호모 사피엔스 아젠다'에서 영감을 얻은 2018년의 획기적인 영화 '러브, 사이먼'의 세계를 배경으로 하는 이 시리즈는 집에서 어려움을 겪고, 새로 온 도시에 적응해야 하며, 자신의 성적 지향으로 고군분투하는 크릭우드 고등학교의 전학생 빅터의 여정을 따라간다. 모든 일이 지나치게 힘든 듯 보이자 빅터는 사이먼에게 새 고등학교 생활의 기복을 헤쳐나갈 수 있게 도와달라고 부탁한다."
19,19,팔콘과 윈터 솔져,/t/p/w94_and_h141_bestv2/lyB5NKAJvUezBpXIIFiGATXrZHv.jpg,"3월 19, 2021",2021년 3월 Disney+에서 방영을 시작한 미니시리즈. 어벤져스: 엔드게임 이후로 다시 뭉친 두 사람은 팀을 이루어 세계를 무대로 모험을 펼치며 자신들의 능력과 인내심을 시험받는다.
20,20,미즈 마블,/t/p/w94_and_h141_bestv2/5K0F6lYosnp162drTXTJD9Pisp6.jpg,"6월  8, 2022","저지시티에 사는 미국인 무슬림 가정의 10대 소녀 카말라 칸. 게임에 죽고 사는 그녀는 열렬한 팬픽션 작가이자 슈퍼 히어로 덕후로 특히 캡틴 마블에 대한 팬심은 상상을 초월한다. 그러던 어느 날, 그토록 우러러보던 슈퍼 히어로처럼 카말라에게도 슈퍼 파워가 생기는데. 지금껏 학교에서도, 때로는 집에서도 겉돌던 그녀의 인생, 이제 슈퍼 파워가 생겼으니 폼 나게 달라지려나?"
21,21,카 여행을 떠나요,/t/p/w94_and_h141_bestv2/uT3bmwLIvnYyjLVnnlVoTI3OQUr.jpg,"9월  8, 2022","라이트닝 맥퀸과 그의 가장 친한 친구인 메이터는 라디에이터 스플이스를 떠나 동쪽을 향하면서, 메이터의 누나를 만나기 위한 국토 횡단 도로 여행을 떠난다."
22,22,스타워즈: 제다이 이야기,/t/p/w94_and_h141_bestv2/zMiZoeGjae3pm4VARDEHYfMfEQB.jpg,"10월 26, 2022",6개의 우화를 통해 앞 시기의 제다이에 대해 이야기한다. 아소카 타노와 두쿠 백작이라는 확연히 다른 두 제다이의 삶으로 여정을 떠난다. 그들에게 시험이 주어지고 각자 자신의 운명을 규정할 선택을 하게 된다.
23,23,언제나 나 였어,/t/p/w94_and_h141_bestv2/d51K3AZjg7IRZwOcREOgV2qp1EK.jpg,"6월 15, 2022","22살이 되던 해, 루페는 콜롬비아의 유명한 싱어송라이터인 아빠의 죽음을 맞이하고, 그녀의 삶은 갑자기 바뀌기 시작한다. 콜롬비아로 향한 루페는 아빠의 조수였던 노아를 만난다. 루페는 멕시코로 돌아가려 했지만, 아빠의 죽음이 사고가 아니라는 의심을 품으며 콜롬비아에 남기로 한다. 콜롬비아 카리브해에서 노아와 루페의 로맨스, 미스터리, 음악으로 가득한 여정이 시작된다."
24,24,마블 스튜디오: 레전드,/t/p/w94_and_h141_bestv2/EpDuYIK81YtCUT3gH2JDpyj8Qk.jpg,"1월  8, 2021","마블 영화의 세계관이 지속적으로 확장되자 마블 스튜디오의 레전드는 이전의 내용을 찬양하고 체계화한다. 앞으로 전개될 이야기를 준비하는 과정에서 마블 영화의 세계관에 등장하는 서사적인 영웅, 악당, 그리고 중요한 장면을 다시 들여다본다. 디즈니 플러스에서 개봉할 시리즈에서는 각각의 이야기가 역동적으로 펼쳐지며, 이 이야기들은 미래에 전개될 사건의 발판이 된다. 마블 스튜디오의 레전드는 마블 영화 세계관을 구성하는 수많은 실타래를 한데 엮는다."
25,25,내셔널 트레져: 숨겨진 이야기,/t/p/w94_and_h141_bestv2/hwrscEuD6gcKhlSvAF9DA1CltvA.jpg,"12월 14, 2022","역사상 가장 위대한 보물을 수색하는 동안, 제스 발렌수엘라는 그녀의 가족에 얽힌 사연을 점차 알아가게 된다."
26,26,커넥트,/t/p/w94_and_h141_bestv2/rnX9WtKW9iCIjGA09TDXWFp3BOZ.jpg,"12월  7, 2022","정체를 숨기며 살아야 하는 고독한 동수, 작곡한 음악을 인터넷에 업로드하며 세상과 소통하는 게 유일한 행복이다. 어느 날 장기헌터에게 납치되면서 평범하게 살고 싶다는 그의 소망은 파괴되고, 한쪽 눈마저 잃게 된다. 그 이후로 동수는 자기 눈을 이식받은 사람과 시각이 연결되기 시작하는데... ‘이 사람 살인마다!’ 빼앗긴 눈을 되찾기 위해 살인마를 쫓으면서 벌어지는 미스터리 스릴러."
27,27,미지의 땅,/t/p/w94_and_h141_bestv2/xx0oX2uupYYNRnCQUsdmUFBdXJC.jpg,"9월  8, 2022",에릭은 케이프 쿼트로 돌아가 부모님의 미스터리한 행방불명 사건을 해결하기로 한다. 고향으로 돌아간 그는 친구와 적을 만나고 마을의 공포 테마 놀이동산 미스터리의 비밀을 밝히려고 하는데...
28,28,마이티 덕스: 게임 체인저,/t/p/w94_and_h141_bestv2/ohfKOxy4028jm2XQL7Wy6cVMKhm.jpg,"3월 26, 2021","미네소타의 마이티 덕스는 꼴찌에서 최강의 팀으로 등극한 청소년 하키팀이다. 12살이 된 에반 모로는 갑자기 덕스 팀에서 잘리고 에반과 에반 엄마, 알렉스는 별도의 팀을 꾸려 어떻게든 이기기만 된다는 청소년 스포츠 문화에 도전장을 내민다. 새 팀은 고든 봄베이의 도움으로 경기의 순수한 즐거움을 재발견하게 된다."
29,29,카지노,/t/p/w94_and_h141_bestv2/p5K6QPISAPuXXYg2bUjux5FMxeh.jpg,"12월 21, 2022",카지노의 왕이 된 한 남자! 모든 것을 잃은 후 생존과 목숨을 걸고 게임의 세계로 다시 복귀한다.
30,30,프라우드 패밀리: 라우더 앤 프라우더,/t/p/w94_and_h141_bestv2/15XxJQj2JEs2ehAX67FnNysV8C1.jpg,"2월 23, 2022","큰 사랑을 받았던 원작의 리부트인 '프라우드 패밀리: 라우더 앤 프라우더'는 14살이 된 사춘기 소녀 페니 프라우드와 그녀의 가족이 겪는 모험과 사고들을 유쾌하고 따뜻하게 풀어낸다. 2020년이 되어 엄마인 트루디는 커리어에 열중하고, 아빠인 오스카는 더 큰 꿈을 꾼다. 특히 페니는 새로운 인물을 만나게 되는데, 사회적으로 깨어 있고 페니에게 많은 것을 가르치려 하는 이웃과 권력을 남용하는 인플루언서도 등장한다. 페니의 친구들인 디조네이, 라시에네가, 조이, 마이클 등 반가운 얼굴들도 재등장한다. 페니의 할머니인 슈가 마마는 때로는 엄격하게 때로는 따뜻하게 페니를 키우려고 한다. 마야와 KG는 리부트에서 처음 나오는 인물들인데, 그들은 페니의 동네에 새로 이사 온 아이들로서 이 동네에서는 전례 없는 두 아빠를 둔 고충을 겪는다."
31,31,세상과 우리 사이에,/t/p/w94_and_h141_bestv2/kgmfnxNdJy9N4ejrBfrkf6iNSjq.jpg,"9월 14, 2022",일킨은 유명 배우인 남자 친구가 더는 자신을 사랑하지 않는다고 생각한다. 어느 날 일킨은 가짜 SNS 계정으로 그에게 메시지를 보내고 자신의  애인을 유혹할 수 있는 여자를 만들어 내기로 한다.
32,32,주토피아+,/t/p/w94_and_h141_bestv2/inzPPPr2BsE92m4rHhQn3sf2yPk.jpg,"11월  9, 2022","“주토피아+”는 주토피아의 바쁘게 움직이는 포유류의 대도시로 다시 돌아갑니다. 오스카상 수상작인 장편 영화의 내용 중에서 가장 흥미로운 주민들의 삶에 더 깊이 빠져들 수 있는 짧은 형식 시리즈입니다. 이 시리즈에는 패셔니스타 북극뒤쥐 프루프루의 이야기, 주토피아 경찰서 직원이면서 단 음식을 좋아하는 치타 클로하우저의 이야기, 그리고 놀라움의 연속인 웃는 얼굴의 나무늘보 플래시의 이야기가 포함돼 있습니다."
33,33,M파워,/t/p/w94_and_h141_bestv2/gscHqNHaRYp4GiqOgbe6R2EQOoW.jpg,"3월  8, 2023","캐럴 댄버스, 완다 막시모프에서 와칸다의 여성들, 가디언즈 오브 갤럭시에 이르기까지, 마블 코믹스로 탄생한 이 캐릭터들이 MCU와 그 이상으로 뻗어 나가는 여정을 'M파워'에서 따라가 본다. 또한 기록 영상과 상상력 넘치는 애니메이션, 솔직 담백한 인터뷰를 통해 이 캐릭터들과 그들의 성공 뒤에서 활약한 여성들이 전 세계의 팬들에게 어떤 감동을 주었는지 조명한다."
34,34,퀘스트: 에버렘을 수호하라,/t/p/w94_and_h141_bestv2/pzqCumJUXPTppdRCKhAizY9yfUm.jpg,"5월 11, 2022","""퀘스트""는 에버렘이라는 가상의 판타지 세계에 8명의 실제 십 대 아이들을 떨어뜨리고, 그들이 고대의 예언에 따라 왕국을 구하는, 획기적인 몰입형 경연 시리즈이다. 8개의 에피소드로 구성된 시리즈 내내 이 영웅들은 성, 왕족, 신비로운 운명의 여신들, 파괴와 권력을 노리는 사악한 마법사가 실제로 존재하는 판타지 세계에 푹 빠진다."
35,35,천재소녀 두기,/t/p/w94_and_h141_bestv2/5p6mGSXqzK9Btfb2kNUo9D29C2Y.jpg,"9월  8, 2021","16세에 이제 막 의사가 된 천재 소녀, 라헬라 ‘두기’ 카메알로하가 좋은 의사, 성숙한 어른이 되려고 애쓰는 과정을 담은 유쾌한 성장 스토리. 병원에서 라헬라의 천재성은 환자는 물론 동료의사까지 놀랄 정도여서 90년대 의학드라마 <천재소년 두기>(원제: Doogie Howser, M.D.)를 닮았다며 ‘두기’로 통한다. 집에는 자신을 끔찍이 사랑하는 아빠 베니와 내과과장이자 라헬라의 직속 상사로 딸의 초고속 성장을 두려워하는, 열정적인 워킹 맘 클라라가 있다. 라헬라는 너무나 다른 이 두 세계가 제대로 돌아가도록 균형을 잡으려고 애쓴다. 다행히 자유로운 영혼을 소유한 친오빠 카이와 특이한 남동생 브라이언 패트릭은 라헬라가 현실감을 갖게 만드는 고마운 존재이다. 라헬라의 절친으로 재치가 넘치는 스테파니는 언제나 분위기를 가볍게 만드는 재주가 있다. 멀쩡한 문을 놔두고 창문을 넘어 라헬라 방에 들어오는가 하면, 틱톡에 올릴 영상을 함께 찍고, 라헬라가 좋아하는 월터 얘기로 수다를 떤다. 동료 레지던트인 노엘라니와 찰스, 그리고 잘난 심장전문의 닥터 리는 라헬라의 나이와 관심사 사이의 너무나 큰 격차에 농담을 던지지만 라헬라의 전문적인 식견과 기술을 진심으로 존경한다. 엄마의 보살핌과 코믹한 오하나(가족/친구)의 지지 덕분에 라헬라는 오늘도 십대인 걸 만끽하고 자신의 길을 개척하기로 결심한다."
36,36,마블 스튜디오: 어셈블,/t/p/w94_and_h141_bestv2/v2BHRwtQVkt5fssLdo5MpFgHJPY.jpg,"3월 12, 2021","디즈니 플러스에서 스트리밍되는 포괄적인 다큐멘터리 시리즈로 손에 땀을 쥐게 하는 마블 스튜디오의 새로운 프로와 개봉 영화의 탄생을 기록하고 있다. '완다비전', '팔콘과 윈터 솔져', '로키'와 같은 작품의 제작 후기를 들어보고 촬영 장면도 독점적으로 공개한다. 영화 제작자들과 스칼릿 조핸슨, 제레미 러너 같은 스타들이 합류해 영화 '블랙위도우'와 '호크아이' 시리즈의 탄생을 상세히 설명한다. 어셈블드는 마블 영화 세계관의 다음 단계를 포괄적이며 심층적으로 검토한다."
37,37,아이스 에이지: 스크랫 이야기,/t/p/w94_and_h141_bestv2/da3q9KhFNL6aIqI6BwQuz1UDh1g.jpg,"4월 13, 2022",스크랫 주연의 새로운 '아이스 에이지' 6부작 애니메이션 어드벤쳐. 뾰족한 이빨을 가진 이 불운한 다람쥐는 말썽꾸러기이자 사랑스러운 아기 스크랫과 함께 아빠로써의 우여곡절을 겪으며 최고의 보물 도토리를 향해 때로는 경쟁을 하며 서로간의 돈독한 관계를 만들어 나간다.
38,38,몬스터 근무일지,/t/p/w94_and_h141_bestv2/4QyD7aqgt92hLsouiETgkpteOLT.jpg,"7월  7, 2021","몬스터 대학교를 수석 졸업한 타일러 터스크먼. 몬스터 주식회사는 이런 그의 재능을 인정해 평소 타일러가 꿈꾸던 겁주기 선수로 선발한다. 하지만 처음 출근하는 날, 회사에선 더 이상 겁주기 선수가 필요 없다는 것을 알게 된다. 이제 그들이 원하는 건 웃기기 선수였던 것. 타일러는 사태가 정리될 동안 당분간 시설팀에서 일하게 된다. 갑작스러운 변화에 타일러의 계획이 다 꼬여버렸지만, 이제 타일러에겐 웃기기 선수가 되겠다는 새로운 목표가 생긴다!"
39,39,베이맥스!,/t/p/w94_and_h141_bestv2/ry8msD2igLMcEuWUYH0ExpNukuw.jpg,"6월 29, 2022","월트 디즈니 애니메이션 스튜디오의 ""베이맥스!""에서는 팬들의 사랑을 받는 의료용 로봇 베이맥스가 환상의 도시 샌프란소쿄를 무대로 활약한다. 오스카 수상에 빛나는 ""빅 히어로""의 돈 홀 제작"
40,40,사랑이라 말해요,/t/p/w94_and_h141_bestv2/ec6cz7c3oTjs64UZ2k19JWxDx4i.jpg,"2월 22, 2023",자신의 행복보다 가족의 안위를 우위에 두고 건조하게 살아가는 우주. 하루아침에 집에서 쫓겨난 억울함에 복수를 결심하는데. 하필 우주의 복수 상대인 동진은 그림자까지 외롭다 못해 가슴 찡하게 순한 인간. 과연 이 복수 시작이나 할 수 있을까?
41,41,스타워즈: 비전스,/t/p/w94_and_h141_bestv2/oVVlhcy0pimWgHIUYn5rPFipsmC.jpg,"9월 22, 2021","디즈니+를 통해 2021년 9월 22일에 공개된 스타워즈 애니메이션 시리즈로, 총 9개의 에피소드로 구성되어 있다. 각 에피소드별로 별도의 제작진이 별도의 스토리를 가지고 제작하는 옴니버스 단편 모음이며, 일본 애니메이션이란 점이 가장 큰 특징이다. 때문에 몇몇 등장인물들의 복장도 일본식 복장에서 거의 대놓고 따온 것도 있다. 사실 스타워즈가 일본 사무라이 문화에서 모티브를 따와 만들어 진데다가 일본에서의 스타워즈의 인기는 굉장히 높기에 대놓고 일본 취향의 스타워즈가 만들어져도 이상할 게 없기는 하다."
42,42,댄싱 위드 더 스타,/t/p/w94_and_h141_bestv2/hgYQRDhAbJyFTLJaDaW6T7svuGd.jpg,"6월  1, 2005",정보 없음
43,43,저스트 비욘드,/t/p/w94_and_h141_bestv2/oQY5kMkc9f4mxJvQcv4yie4bzJI.jpg,"10월 13, 2021","알고 있는 것 너머의 현실에 대해 놀라우면서 많은 생각을 하게 하는 이야기의 8부작 시리즈입니다. 시청자들은 각 에피소드마다 새로운 등장인물의  마녀, 외계인, 유령 및 평행 우주의 초자연적 세계에서 자아를 발견하는 놀라운 여행을 볼 수 있습니다"
44,44,터너와 후치,/t/p/w94_and_h141_bestv2/o7de7nCLy3NNQuuf6JfnDGoRtCw.jpg,"7월 21, 2021","고지식한 젊은 연방 보안관 스콧 터너는 침흘리개 개 후치를 상속받고, 그의 삶은 완전히 뒤바뀐다. 스콧의 새 애완견은 짜증 나지만, 범인 체포나 연애, 심지어 아버지의 비밀스러운 마지막 사건 수사에도 도움이 된다."
45,45,미키마우스의 멋진 대모험,/t/p/w94_and_h141_bestv2/8F1V4ve64YPmyRZZ5u0jh7KCIID.jpg,"11월 18, 2020",미키 마우스와 최고의 친구들이 가장 엄청난 모험을 다시 시작했는데 어떻게 신나고 재미있지 않을 수가 있겠어? 예상치도 못한 위기로 가득한 뒤죽박죽 엉망진창인 세상에서 디즈니의 마법은 불가능을 가능하게 만들어.
46,46,빅샷,/t/p/w94_and_h141_bestv2/yBFqTVoQsFg53ein34BKbn7SU8Z.jpg,"4월 16, 2021","분노를 참지 못해 NCAA 감독 자리를 박탈당한 남자 농구 감독은 경력과 명성을 만회하기 위해 사립 여자 고등학교 감독직을 맡게 된다. 처음에 마빈 콘 감독은 웨스트브룩 선수들을 대학 농구계로 돌아가는 수단으로만 보고, 선수들 또한 농구를 진지하게 생각하지 않는다. 감정 표현이 서툴고 냉정한 마빈 콘은 곧 십 대 소녀들은 엄격함과 하루 2회 연습보다 특별한 것이 필요한 복잡한 존재들이라는 걸 깨닫게 된다. 아이들에게는 진정한 지도와 관심이 필요한 것이다. 선수들과 유대감을 쌓는 방법을 배우고, 이들의 공감대와 취약성을 파고들면서 콘 감독은 자신이 항상 바라던 이상적인 사람이자 늘 원했던 아버지로 성장한다. 한편 아이들도 코트 위와 밖에서 자리를 찾으며 자존감을 키우고 마빈의 기대에 부응한다."
47,47,하이 스쿨 뮤지컬: 뮤지컬: 시리즈,/t/p/w94_and_h141_bestv2/gTD9aG35is0JFn4WApxa5025aKS.jpg,"11월 12, 2019","이스트 고등학교에서 처음으로 '하이 스쿨 뮤지컬'의 뮤지컬 버전이 제작됩니다. 거의 15년 전 디즈니 원작 영화가 촬영된 이곳에서 신세대 고등학생들과 새 연극 선생님이 역사를 다시 쓰려고 합니다. 가브리엘라, 트로이, 다른 원작 영화 인물들을 맡게 될 아이들을 소개합니다. 연극 캠프에서 신성으로 떠오른 니니, 스케이트보드를 좋아하며 니니의 마음을 돌리려고 연극부에 들어온 니니의 전 남자 친구 리키, 멋지고 잘생긴 니니의 새 남자 친구 이제이, 어디 시체라도 묻어둔 듯 의심스럽지만 뼛속들이 열정을 간직한 야망 많은 전학생 지나. 열정적인 이스트 고등학교의 배우들이 새로운 안무와 원작 노래 리메이크가 들어간 메타 버전 '하이 스쿨 뮤지컬'을 무대에 올리겠다고 굳게 다짐합니다. 원작에는 없었던 현실의 갈등은 덤입니다!"
48,48,키스 식스 센스,/t/p/w94_and_h141_bestv2/aHIIq2CH4Xr0oqKyVUlUe6xhPbs.jpg,"5월 25, 2022",제우기획 기획1팀 에이스 AE인 홍예술에게는 비밀이 한 가지 있다. 그것은 바로 타인의 신체에 입술이 닿으면 미래가 보인느 능력을 가지고 있다는 것. 어느 날 예술은 끔찍하게 여기던 상사 민후와 사고로 입술이 닿게 되고 그와 함께하는 30금 미래를 보게 된다. 게다가 전남자친구 필요까지 돌아와 예술에게 다시 한 번 기회를 달라고 한다.
49,49,더그의 일상,/t/p/w94_and_h141_bestv2/uKOUtLYTlyOOj7x1eGYMPCRhUN2.jpg,"9월  1, 2021",픽사 애니메이션 스튜디오가 제작한 “더그의 일상”은 디즈니와 픽사가 제작한 “업”에 나오는 귀여운 개 더그의 엎치락 뒤치락 일상을 담은 재미있는 단편만화이다. 각각의 단편은 더그의 뒷마당에서 일어나는 일들과 말하는 개 더그의 눈으로 본 신나는 세상 얘길 담고 있다.
50,50,간니발,/t/p/w94_and_h141_bestv2/noN6zlYhA2e1ytPREQz9iS424fP.jpg,"12월 28, 2022","딸 마시로에게 접근한 성범죄자를 사살해, 산간 마을인 쿠게로 아내 유키, 딸 마시로와 함께 전근을 오게 된 경찰 아가와 다이고. 어느 날 이 마을의 유지인 고토 가문의 당주가 산에서 곰에게 살해당한 사건이 일어난다. 이 사건을 조사하던 다이고는 시신의 팔에서 사람에게 물린 자국을 발견하고 또 다른 가능성을 두고 이 사건을 수사해간다."
51,51,Boris,/t/p/w94_and_h141_bestv2/jPZe3X3mfQdqtWMLlTg8VYB8y5N.jpg,"4월 16, 2007",정보 없음
52,52,Los Montaner,/t/p/w94_and_h141_bestv2/45v0DYLcxEkubBmVFPdNYP65jOt.jpg,"11월  9, 2022",정보 없음
53,53,핑크 라이,/t/p/w94_and_h141_bestv2/7ybY0HAR1uQtONQ2xOLDAwXx17H.jpg,"10월  5, 2022","직업, 나이, 학벌 등 각자 가장 숨기고 싶은 거짓 한 가지를 안고 핑크 하우스에 입주한 청춘 남녀. 사랑에 빠진 순간 마주하게 될 진실과 휘몰아치는 감정의 소용돌이. 사랑과 현실 사이, 아슬아슬한 줄타기 후, 이들의 선택은?"
54,54,얽히고 엮인 그녀들,/t/p/w94_and_h141_bestv2/qYI6NCgxZFAzFPV2b6plO8sPFa0.jpg,"11월 12, 2021","알레그라의 꿈은 일레븐 어클락 뮤지컬 극단에 입단하는 거지만, 어머니 카테리나가 반대한다. 알레그라의 삶은 알레그라가 신비한 팔찌를 발견하며 송두리째 바뀐다. 팔찌는 지금의 알레그라 또래이던 카테리나가 알레그라의 할머니 코코의 그늘에서 살며 일레븐 어클락 단원이던 1994년으로 알레그라를 데려간다. 과연 알레그라는 과거를 바꿀 수 있을까?"
55,55,정의적산법,/t/p/w94_and_h141_bestv2/2qgyFP72kpInRMHH701eNXn7osn.jpg,"6월 15, 2022",정보 없음
56,56,나만 빼고 초능력,/t/p/w94_and_h141_bestv2/d6gSce4iGaCj7po8DjxKCTXJIzw.jpg,"1월 25, 2023","18세 이상이 되면 누구나 초능력이 생기는 세상. 25세에도 아직 초능력이 없는 제니퍼만 예외다. 무능력자인 것도 모자라 연애도, 일도 뭐 하나 제대로 이룬 것이 없는 제니퍼는 마음이 불안하기만 하다. 다행히도 그녀에게는 자신의 곁을 지켜주는 든든한 친구들이 있다. 룸메이트이자 절친인 캐리, 캐리의 오랜 남자친구 캐시, 그리고 길고양이 정자왕과 함께,  절망의 연속인 하루하루의 삶 속에서 실오라기 같은 희망을 붙들고 자신의 초능력을 찾으려는 제니퍼. 그녀의 필사적인 노력은 결실을 맺을 수 있을까?"
57,57,Les Amateurs,/t/p/w94_and_h141_bestv2/9S57V3z6cwFLqfxlYZJg7o5Jgbp.jpg,"10월 19, 2022","두 명의 루저, 뱅상 피케와 알반 버른은 착오로 인해 우연히 음모를 적발하고 조직범죄의 세계에 말려드는데, 이로 인해 따분하던 이들의 삶은 산산이 부서진다. 이제 위험천만하고도 흥미진진한 혼돈의 질주가 시작된다. 살기 위해 몸부림치는 와중에도 이들의 말다툼은 계속된다."
58,58,크리스 헴스워스: 리미트리스,/t/p/w94_and_h141_bestv2/n4J6VZH6IrYW86njPohQJiBveqZ.jpg,"11월 16, 2022","노화와 싸워 인체의 무한한 가능성을 발견할 수 있다면 어떨까? 대런 아로노프스키가 감독을 맡고, 프로토조아 픽처스, 제인 루트의 뉴토피아가 제작한 새로운 내셔널지오그래픽 오리지널 시리즈 “크리스 헴스워스: 리미트리스”에서 세계적인 영화 스타 크리스 헴스워스가 이 획기적인 아이디어를 탐험한다. 이 새로운 과학 연구는 인체에 대한 통념을 깨고, 어떻게 하면 몸속에 잠재된 힘을 깨워 질병과 싸우고 수행 능력을 향상시키며 심지어 노화 과정을 되돌릴 수 있는지 흥미로운 관점을 제시한다. 이 프로젝트를 직접 시험대 위에 올릴 크리스 헴스워스는 슈퍼히어로다운 절정의 몸 상태를 자랑하면서도 젊고, 건강하고, 강인하며, 탄력 있는 육체를 유지하는 법을 배우려 한다. 그는 인체의 한계를 이해하기 위한 극한의 시험과 도전을 거치며 부상을 극복하고, 힘을 최대화하며, 회복력을 구축하고, 기억력을 한계까지 끌어 올리며, 죽음과 대면해 더 오래, 잘 살 수 있는 법을 직접 습득한다. 여러분의 인생을 바꿀 “리미트리스”가 더 오래, 잘 사는 법에 대한 정의를 다시 쓴다."
59,59,베네딕트 비밀 클럽,/t/p/w94_and_h141_bestv2/1DVum8mKqi1YNwtSpix1kSOV5d4.jpg,"6월 25, 2021","장학퀴즈에서 이긴 후 네명의 아이들은 베네딕트 선생님에게 '비상 사태'를 해결하기 위한 위험한 미션을 지령받는다. 레이니, 꼬챙이, 케이티 그리고 콘스턴스는 이 위기에서 진실을 파헤쳐야만 하는데.. 이 패닉상태에서 커튼 선생님이 나타나자 아이들은 그를 물리치기 위한 계획을 세운다."
60,60,그리드,/t/p/w94_and_h141_bestv2/6HrU7XJXX98kS6eq2m3dmpfJziS.jpg,"2월 16, 2022",전 지구적 방어막인 그리드의 보호 아래 태양풍으로부터 살아남은 지구. 그리드 관리국 직원 김새하는 살인범과 마주치고 형사 정새벽은 살인범을 쫓던 중 놀라운 현상을 목도한다. 그리드를 창시한 유령이 24년 만에 나타난 것. 그런데 유령은 왜 살인범을 돕는 걸까. 위기에 빠진 인류를 구원했던 미스터리한 존재의 진실을 파헤치는 추적 스릴러.
61,61,필사의 도전,/t/p/w94_and_h141_bestv2/bBmSygz6GfmDotQV57THjAOVnmU.jpg,"10월  9, 2020",톰 울프의 유명 베스트셀러를 원작으로 한 미국의 초기 우주 개발 계획에 대한 놀라운 이야기. 냉전이 한창일 때 새롭게 결성된 NASA는 최고의 군 테스트 파일럿 7명을 우주 비행사 후보로 선발한다. 이들은 최초의 우주 비행사가 되기 위해 경쟁하며 놀라운 성과를 이룩하고 세계를 새로운 포부와 희망을 향해 나아가게 한다.
62,62,산타 클로스,/t/p/w94_and_h141_bestv2/4qaGEywPNeZT2mxexdJLWHidTym.jpg,"11월 16, 2022",스캇 캘빈이 돌아왔다! 30년 가까이 산타클로스로 일한 그는 여전히 즐거운 마음으로 전 세계에 크리스마스 선물을 배달한다. 그러나 세월이 흐르며 사람들은 점차 크리스마스를 믿지 않고 그의 산타 마법에도 문제가 생기기 시작한다. 그러던 중 산타도 은퇴할 수 있다는 사실을 알게 된 스캇. 이제 자리를 후임에게 물려주고 평범한 남편이자 아버지로서 남은 인생을 살기로 결심하는데.
63,63,변론을 시작하겠습니다,/t/p/w94_and_h141_bestv2/34IunrUWn2s1rmMbKHadINiYjbP.jpg,"9월 21, 2022",기업의 내부고발 송사로 한 차례 맞붙은 뒤 각각 서로에게 '대형 로펌의 개'와 '또라이'란 인상을 남긴 남녀주인공이 국선변호인이 되어 사무실을 공유하면서 시작되는 좌충우돌 스토리
64,64,저음 클럽,/t/p/w94_and_h141_bestv2/eGcZVmcKcZlxOMYW1PBonM2CMlC.jpg,"2월 22, 2023","아마란토 몰리나는 참 특이한 선생이다. 그는 기존 체제를 뒤집는 방법으로 학생들을 가르치고, 학생들에게 새로운 경험을 선사하여 그들의 진정한 음악적 재능을 일깨우고 학생들이 받은 마음의 상처를 치료한다."
65,65,비틀즈: 겟 백,/t/p/w94_and_h141_bestv2/fJaJWwlGGC2Dqljq3Ih4HZHRdPZ.jpg,"11월 25, 2021","오스카상 3회 수상자이자 《반지의 제왕》 3부작, 《데이 쉘 낫 그로우 올드》 등으로 잘 알려진 피터 잭슨 감독이 연출을 맡은 3부작 다큐멘터리 시리즈.  《비틀즈: 겟 벡》은 비틀즈 멤버들의 친밀한 녹음 현장을 소개하며 음악사의 중요한 순간을 재조명한다. 훌륭하게 복원된 60여 시간 분량의 미공개 영상(1969년 1월 마이클 린제이 호그가 촬영)과 150시간 이상의 미공개 녹음본을 편집한 이 다큐멘터리는 상징적인 4인조 그룹이 역사에 남긴 창의적인 천재성과 우정, 그리고 열정을 잘 보여준다.  50년 만에 이 비공개 영상 기록을 사용할 수 있도록 허가를 받은 사람은 잭슨 감독이 유일하다.  《비틀즈: 겟 벡》은 존 레논, 폴 매카트니, 조지 해리슨, 링고 스타가 라이브 앨범으로 함께 발표될 예정이었던 신곡 14곡을 연습하며 2여 년 만에 첫 라이브 공연을 준비하는 과정을 따라간다. 4인조 완전체로서는 마지막 무대가 되었던 런던 세빌 로의 잊을 수 없는 루프탑 콘서트의 전체 영상이 최초 공개되며, 마지막 두 앨범인 ‘애비 로드’와 ‘렛 잇 비’에 실렸던 대표곡과 다른 곡들도 이 다큐멘터리에서 만나볼 수 있다."
66,66,칩 앤 데일: 파크 라이프,/t/p/w94_and_h141_bestv2/ufr6nDtwSDfbOORNmGhhwCwUDHx.jpg,"7월 28, 2021","깜찍한 두 말썽꾸러기가 넓은 도심 속 공원에서 즐겁게 지내며 흥미진진한 모험을 펼친다. 예민한 걱정꾼 칩과 느긋한 몽상가 데일은 최고의 단짝이면서 서로를 미치게도 만드는 아주 별난 커플이다. 끊임없이 도토리를 찾아다니는 이 최약체 콤비는 크고 작은 악당들을 물리치며, 플루토와 부치를 비롯한 다른 유명 디즈니 캐릭터들과도 함께한다."
67,67,올라프가 전해요,/t/p/w94_and_h141_bestv2/dvc82hJZgzACfxxwbBfJfXcQcZq.jpg,"11월 12, 2021",올라프가 눈사람에서 쇼맨으로 바뀌어 본인이 좋아하는 5개의 디즈니 애니메이션을 본인만의 방법으로 얘기합니다.
68,68,웰컴 투 어스,/t/p/w94_and_h141_bestv2/jK3qGSB7mb7m9fr9VNpBEvpKWl7.jpg,"12월  8, 2021","지구 곳곳에 수많은 탐험의 흔적이 있지만 아직 모든 곳이 정복된 것은 아니다. 윌 스미스는 지구 최대의 불가사의를 탐험하고 가장 깊숙이 숨겨진 비밀을 공개한다. 해양 생물학자이자 내셔널 지오그래픽 탐험가 디바 에이몬, 극지 탐험자 드웨인 필즈, 엔지니어 겸 내셔널 지오그래픽 탐험자 알버트 린, 내셔널 지오그래픽 사진작가 크리스티나 미테마리어, 산악인 에릭 웨이언메이어 등 유명 탐험가가 함께한다."
69,69,보이스 라이징: 와칸다 포에버 사운드트랙 스페셜,/t/p/w94_and_h141_bestv2/tD0z0ONzplsO7JLkDk1cMTWR1Rd.jpg,"2월 28, 2023",루트비히 요란손과 라이언 쿠글러는 할리우드 영화 음악의 한계를 늘려간다.
70,70,숨겨진 세상: 겨울왕국2 메이킹,/t/p/w94_and_h141_bestv2/UcbjmltlDTxoZvTSPbQtUBeZEo.jpg,"6월 26, 2020","겨울왕국2 전 세계 개봉이 1년도 채 안 남은 시점에서 제작팀은 역사상 가장 뛰어난 애니메이션을 제작하는 데 어떤 과정을 거쳤는 지를 6부에 걸쳐 제작했다. 처음으로 월트 디즈니 애니메이션 영화를 만들어 내면서 겪은 도전들과 극복과정, 그리고 예술적이며 복잡한 과정들을 화면에 담다."
71,71,La chica invisible,/t/p/w94_and_h141_bestv2/mWhrp5dUecS6dsxVYcOpwRe2Idt.jpg,"2월 15, 2023",정보 없음
72,72,형사록,/t/p/w94_and_h141_bestv2/zh0SUmhPLWCUHpY2N5gq8lspfKH.jpg,"10월 26, 2022",정년을 앞둔 형사 택록. 그에게 정체불명의 협박 전화가 온다. 그리고 씌워진 살인 누명! ‘나를 찾아. 너의 과거 속에 내가 있어.’ 자신을 친구라고 자칭하며 게임을 걸어오고..! 협박범은 택록이 맡았던 사건들을 다시 파헤치라고 지시한다. 왜 나의 과거를 들추는 걸까. 택록은 놈을 잡기 위해 지난했던 삶을 치열하게 복기한다. 놈의 뒤를 쫓던 택록은 마침내 충격적인 진실과 마주하게 되는데..! 과연 택록은 이 게임을 무사히 끝낼 수 있을까? 완벽한 설계로 형사 '택록'을 함정에 빠트린 협박범 '친구'의 정체를 찾아가는 미스터리 휴먼 스릴러.
73,73,라이트 & 매직,/t/p/w94_and_h141_bestv2/91yE4Uo1ZthoLyek6V4uF5crXmy.jpg,"7월 27, 2022","조지 루카스는 여오하계에 혁명을 일으키리라곤 상상동 하지 못한 채 스타워즈 제작을 시작했다. 6부작으로 구성된 이 시리즈는 '스타워즈', 'E.T.', '터미네이터2', '쥬라기 공원' 드 수많은 영화의 시각 효과를 담당한 인터스트리얼 라이트 & 매직의 발전 과정을 따라가며 우리가 사랑한 영화에 마법을 불어넣은 창의적인 천재들을 살펴본다."
74,74,시크릿 인베이전,/t/p/w94_and_h141_bestv2/wa6HlpYLykfy9ns8O0sUF6bAeqs.jpg,정보 없음,정보 없음
75,75,디즈니 갤러리 / 스타워즈: 북 오브 보바 펫,/t/p/w94_and_h141_bestv2/8UMls5WaNY33AtM4cTOw1l0a2PM.jpg,"5월  4, 2022",전설적인 현상금 사냥꾼의 귀환에 대한 비하인드 스토리를 알아본다.
76,76,마블 616,/t/p/w94_and_h141_bestv2/wBOIVb6zgsnfRhvCgdX04pLaYXQ.jpg,"11월 20, 2020","마블 세계관의 문화, 사회, 역사적 영향력, 그리고 마블 세계관과 실생활의 교차점을 탐구하는 다큐 모음이다. 이 시리즈 각 회차는 별개로 제작되어 제작자의 시각에 맞춰 생명력을 불어넣은 흥미진진한 이야기로 이루어져 있다. 창조성이 넘치는 이 다양한 회차들을 한데 모으면 마블이 우리 삶에 어떻게 영향을 끼쳐왔는지를 잘 보여준다."
77,77,나의 대통령 일기,/t/p/w94_and_h141_bestv2/7Ubq5UcGMP7VdfdDOeaAybYJVl9.jpg,"1월 17, 2020","엘레나 카녜로 리드는 언젠가 미국 대통령이 될 인물이지만, 지금은 2년째 정글로 비유되는 중학교에서 어떻게든 잘 지내보려고 애쓰는 중이다. 가족과 함께 플로리다주 마이애미에 사는 7학년생 엘레나는 중요하고 소소한 일상을 그녀의 소중한 일기장에 기록한다."
78,78,너와 나의 경찰수업,/t/p/w94_and_h141_bestv2/nHamahhkdxyz5cQk1dnva1rvhCX.jpg,"1월 26, 2022","경찰이라는 꿈을 안고 당당하게 경찰대학에 입성한 청춘들 대학생이 되었다는 기쁨도 잠시. 상상을 초월하는 훈련과 엄격한 규칙 속에서 하루 하루가 지옥같지만 동기들과 함께라면 두려울 것이 없는 청춘들이다. 한편, 모두의 기대를 한 몸에 받는 수석 입학생 승현과 직진본능 충만한 추가 합격생 은강은 사사건건 부딪히며 경찰대학 사건사고의 중심에 서고 그 안에서 감춰져왔던 진실의 단서를 찾게되는데…"
79,79,로빈 로버츠: 세상을 토론하다,/t/p/w94_and_h141_bestv2/1jYiPI40idLJlK7lF9viGXuznte.jpg,"7월 28, 2021","로빈 로버츠가 할리우드에서 선구자 역할을 한 다양한 연령대의 여성들과 만나 그들의 성장과 분투에 대한 은밀한 대화를 최초로 공개한다. 삶에 대한 이들의 솔직하고 아름다운 토론을 직접 관전하고 영감을 얻어보자. 이들의 공통점들은 뭔지 알아보고, 이들의 사연과 경험이 또 어떤 확장과 진화를 불러올지 살펴보자."
80,80,픽사 팝콘,/t/p/w94_and_h141_bestv2/pRpwcEKPvsj0WKbhrowQbyy4bIg.jpg,"1월 22, 2021",정보 없음
81,81,한 번의 기회,/t/p/w94_and_h141_bestv2/lwfK8nTfkkipzaw1crScp8LCcez.jpg,"12월  2, 2022","물류 회사에서 일하며 가수가 되기를 꿈꾸는 젊은 여성 칸달라의 이야기다. 잘나가는 음반 회사의 중역인 페데리코 아리사가 술집에서 칸델라의 노래를 들은 순간, 그녀의 인생이 달라진다. 바로 그날 밤, 칸달라는 고등학교 동창인 디에고를 만나는데, 디에고는 프로 복서가 되기 위해 훈련 중이다. 그들의 이야기에서, 두 사람은 실망과 오해를 극복하고 사랑과 우정을 나눈다."
82,82,데어데블: 본 어게인,/t/p/w94_and_h141_bestv2/t2MKhbLkSlMduIukClOXFMK9LhP.jpg,정보 없음,정보 없음
83,83,우리 팀을 구해줘 with 데이비드 베컴,/t/p/w94_and_h141_bestv2/knqCrG50hOtz8RqjfBe09IF5rXS.jpg,"11월  9, 2022","데이비드 베컴이 고향에 돌아왔다. 한 시즌 동안 베컴은 소년 시절 축구를 시작한 이스트런던 에코 프리미어 리그 내 축구팀 웨스트워드 보이스와 함께한다. 시즌 내내 단 한 경기도 이기지 못해 리그에서 강등될 위험에 처한 웨스트워드와 거대한 과제에 직면한 베컴, 그는 과연 팀을 구할 수 있을까?"
84,84,평행 우주,/t/p/w94_and_h141_bestv2/sOelWXypSQjZaxTwTh0EaFm19lC.jpg,"3월 23, 2022","산으로 둘러싸인 평화로운 마을, 그리고 이곳에 사는 평범한 아이들. 그들의 세계가 송두리째 바뀐다! 어릴 적부터 친구였던 샘, 비랄, 로만과 빅토르는 함께 즐거운 시간을 보내던 중 별안간 서로 다른 시간대의 평행 세계로 보내진다. 우주의 법칙이 뒤틀리며 현재와 미래, 그리고 다중우주의 경계가 무너진 것. 원래 살던 이전 세계로 무사히 돌아가려면 힘을 합쳐 방법을 찾아야 하는 네 아이들. 이를 위해선 그들뿐 아니라 그들의 부모도, 난생처음 논리적 사고에 반하는 수사를 해야만 하는 레츠 경위도 이전의 사고방식을 버려야 하는데. 그들은 과거의 세계에서 다시 만날 수 있을까?"
85,85,사운드트랙 #1,/t/p/w94_and_h141_bestv2/jy97TkIobFgXMA6VcHqFTZNB16f.jpg,"3월 23, 2022",20년 지기 절친인 두 남녀가 2주 동안 한 집에 머물게 되면서 서로의 마음을 알아가는 로맨스 뮤직 드라마
86,86,대만 범죄 이야기,/t/p/w94_and_h141_bestv2/zHPWrO43PsvHWG9HRAjp6PLo9y1.jpg,"1월  4, 2023",대만의 범죄 실화를 바탕으로 한 4편의 옴니버스 드라마
87,87,슈퍼/내추럴,/t/p/w94_and_h141_bestv2/xg6xtrlhbfoMW1sDMJWZHLiltuz.jpg,"9월 21, 2022","총괄 제작에 제임스 카메론, 나레이션에는 아카데미 수상 후보 및 BAFTA 수상자인 베네딕트 컴버배치가 참여한 슈퍼/내추럴은 놀라운 동물들의 숨겨진 능력과 비범한 감각을 보여주기 위해 과학 혁신 및 최신 영상 제작 기술을 사용했다. 꽃 안에 숨어 벌의 시야로 바다 코끼리의 대화를 엿듣고, 빛나는 다람쥐와 함께 축구장 만한 거리를 날아올라 보자."
88,88,더 초이스,/t/p/w94_and_h141_bestv2/3DY0aZe2NCaDXaJTYKNvdoTKLxs.jpg,"11월 16, 2022","성공한 유명 변호사 푸아트 아킨지의 삶은 딸에게 일어난 비극적인 사건으로 달라진다. 복수를 위해 핸드폰으로 전송된 의문의 메세지에 응답한 푸아트의 삶은 완전히 뒤집히고, 선악의 갈림길에서 과거를 마주하게 된다."
89,89,台北女子圖鑑,/t/p/w94_and_h141_bestv2/8Pa12ZNabwyTmNsYKXF17NNfkNZ.jpg,"9월 21, 2022",정보 없음
90,90,머펫 나우,/t/p/w94_and_h141_bestv2/vLVG99uRkETkMQkh5tN82S1CByI.jpg,"7월 31, 2020",새로운 스트리밍 시리즈 업로드를 눈앞에 둔 머펫들. 미스 피기는 ‘미스 피기의 라이프스타일’이라는 새로운 블로그를 운영하는 라이프스타일 전문가가 된다. ‘머펫 연구실 실험’의 닥터 번슨 허니듀와 조수 비커는 야외로 나가 과학 실험을 한다. 스웨디시 셰프는 ‘오키 도키 쿠킹’에서 도전자들과 요리 대결을 펼친다. ‘머펫 대담’에서는 머펫 인터뷰어들이 유명인사들과 함께 이야기를 나눈다. 왕새우 페페는 ‘기상천외 게임쇼’라는 즉석에서 만들어 낸 예측불가 게임쇼의 진행을 맡는다. 머펫의 열혈팬인 월터는 ‘머펫 마스터스’에서 머펫의 잘 알려지지 않은 취미를 배운다. 이제 스쿠터는 머펫 동료들의 온갖 방해를 피해 마감 시간 전까지 모든 걸 마무리하고 영상을 업로드해야 한다.
91,91,@Gina Yei: #ConTodoElCorazónYMás,/t/p/w94_and_h141_bestv2/tShSVJlKo0Ew7HuSPpvsb9OAkcw.jpg,"1월 11, 2023",정보 없음
92,92,Violetta: Momentos favoritos,/t/p/w94_and_h141_bestv2/5ZRJoiBOVQ2jdmIYMCCEpGgztYy.jpg,"6월 18, 2021",정보 없음
93,93,모두 잊었으니까,/t/p/w94_and_h141_bestv2/jfLIfBNc9X56rLd3lpdDjJvOwUA.jpg,"9월 14, 2022","핼러윈 날 밤, 그녀가 사라졌다... 미스터리 작가로 먹고사는 M에게는, 5년째 사귀고 있는 연인 F가 있었다. 거듭되는 마감에 F와 연락하지 않은 채 3주가 지났을 때, 단골 가게인 '바 등대'에 F의 언니라는 여성이 나타나 핼러윈 밤부터 F가 연락이 끊긴 채 행방불명되었다고 얘기한다. '시부야역에 사람이 많아서 늦을 것 같아'라는 언니와 같은 내용의 메시지를 받은 M은 재촉에 못 이겨 그녀를 찾기 시작한다. 그렇게 만난 사람들이 얘기하는 그녀는 자신이 아는 F가 아니었다..."
94,94,아메리카 더 뷰티풀,/t/p/w94_and_h141_bestv2/aWxIvp2nkySHQwa3MP8Xwx9S5lR.jpg,"7월  4, 2022","수상 경력에 빛나는 ‘플래닛 어스’와 ‘프로즌 플래닛’, 그리고 ‘디즈니네이처’의 제작자들이 제작하고 마이클 B. 조던이 내레이션을 맡은 ‘아메리카 더 뷰티풀’은 미국과 그곳에 서식하는 놀라운 동물들의 경이로운 이야기다. 북아메리카는 지구상에서 가장 다채롭고 극단적인 대륙이다. 북극의 만년설과 뜨거운 사막, 그리고 그 사이의 모든 환경을 전부 접할 수 있는 유일한 곳이다. 본 다큐멘터리에서는 아메리카의 가장 환상적인 지역들을 찾아 여행을 떠난다. 산악지대인 북서부와 덥고 습한 남부, 메마른 서부와 광활한 심장부까지. 어느 지역에 가든지, 그곳을 집으로 삼고 살아가는 영웅이 있게 마련이다. 영리함, 강인함, 용맹함, 그 밖에 모든 장점을 갖춘 북아메리카의 동물들은 힘겨운 환경을 이겨내고 번성하는 데 필요한 능력이 있다. 마지막 에피소드에서는 후대를 위해 미국의 자연과 야생동물들을 보존하고자 애쓰는 인간 영웅들을 만나본다."
95,95,퍼시 잭슨과 올림포스의 신,/t/p/w94_and_h141_bestv2/h48zxMc7zPA8pPuL8vSEDj37GIJ.jpg,정보 없음,정보 없음
96,96,주말에만 만나요,/t/p/w94_and_h141_bestv2/8rPaZjesGd9QmFJopejjHgq3h3P.jpg,"2월 23, 2022","프레드의 세 딸 클라라, 빅투와르 그리고 로미는 각각 프레드의 전처들 사이에서 나온 딸들이다. 플레드는 주말마다 전처들을 대신하여 세 딸을 돌본다. 와중에 프레드는 아동 심리학 박사 과정에 있는 캐나다인 에마와 사랑에 빠지게 되며, 이에 더해 새로운 계모가 이 행복한 삶에 개입하게 되는데....."
97,97,웨딩 시즌,/t/p/w94_and_h141_bestv2/7TC9GTEdjUtz7eoVXUgOfYKEbur.jpg,"9월  8, 2022","낭만주의자 스테판을 만난 케이티는 부동산 거물의 아들과 약혼했음에도 스테판을 향한 그녀의 마음을 주체할 수가 없다. 얼마 지나지 않아, 케이티는 충격적인 범죄의 용의자로 지목당하고, 둘은 그들을 조여오는 수사망을 피해 도망을 간다. 서로에 대한 복잡한 감정과 함께 조직적인 범죄에 휩쓸린 상황을 헤쳐나갈 수 있을 것인가?"
98,98,제프 골드블럼의 호기심 세계,/t/p/w94_and_h141_bestv2/2jlS9Rz4uKTAvmgWbiir67IC93H.jpg,"11월 12, 2019","12개의 에피소드로 이뤄진 본 시리즈는 우리가 익숙하다고 착각하기 쉬운 주제들을 하나씩 다루는데 제프 골드블럼이 찾아낸 실마리를 따라가다 보면, 그 뒤에 숨은 놀라운 연관성들과 흥미로운 과학, 역사의 세계를 발견하게 된다. 호기심과 재치를 탑재한 제프의 눈을 통과하면 모든 게 달라 보인다. 너무 흔해서 당연시하는, 이런 ‘현대의 경이들’이 제프 골드블럼에게는 절대로 당연한 게 아니다."
99,99,이 남자를 주웠다,/t/p/w94_and_h141_bestv2/6X3dVyyNZepSftYOJLxPkifko3a.jpg,"6월 26, 2022","배우의 꿈을 안고 도쿄로 상경한 마츠도 사토루. 돈도, 연줄도 없는 그였으나 우연히 자판기 밑에서 연예 기획사 사장의 항공권을 주운 후 배우 인생을 시작하게 된다. 그리고 몇 년이 지나 어엿이 배우로 자리를 잡은 그에게 미국에서 한 통의 전화가 걸려 오고. 이대로 할리우드까지 진출하나 싶었으나, 뜻밖에도 연을 끊었던 형에 대한 충격적인 소식을 듣게 되는데."
100,100,디즈니 애니메이션 스튜디오 단편 모음,/t/p/w94_and_h141_bestv2/rSll4VahZjXk9tVkqLNbv7NRFqj.jpg,"1월 24, 2020","월트디즈니 애니메이션 스튜디오의 재능 있는 미술 팀과 함께 이야기 작업을 할 수 있다면, 어떤 걸 만들고 싶으세요? 그게 바로 숏 서킷입니다. 스튜디오에 있는 모든 사람이 아이디어를 제안하고 직접 단편 영화를 제작할 수 있는 실험적이고 혁신적인 프로그램입니다."
101,101,제니메이션,/t/p/w94_and_h141_bestv2/sqZE7uRJfgtuLpozqmmkbIHLxwC.jpg,"5월 22, 2020","디즈니 애니메이션이 제공하는 “제니메이션”의 사운드스케이프로 긴장을 풀고 편안하게 여러분의 감각을 재충전하세요. 빗속의 라야와 시수, 모아나를 부르는 바닷소리, 혹은 베이맥스와 야수가 인간으로 변하는 등 디즈니의 상징적인 장면들이 전에 없던 사운드스케이프의 경험을 선사합니다."
102,102,다다미 넉 장 반 타임머신 블루스,/t/p/w94_and_h141_bestv2/6TFZEr0lbhH6N8lR6i1aIjmTwtA.jpg,"9월 14, 2022","8월 12일, 시모가모 유스이 하숙에 설치된 유일한 에어컨의 리모컨을 잃은 '나'는 갑자기 나타난 타임머신을 타고 어제로 돌아가 망가지지 않은 리모컨을 가져오려고 한다. 하지만 못 말리는 지인들이 멋대로 과거를 바꿨고, 우주 소멸의 위기를 예감한 '나'는 소멸을 막기 위해 동분서주한다. 과연 시공을 초월한 여행과 '나'의 은밀한 사랑의 행방은 어떻게 될 것인가."
103,103,디즈니 인사이더,/t/p/w94_and_h141_bestv2/50UJepM74Exliorc7CJwzUvrRzv.jpg,"3월 20, 2020","시리즈 는 처음으로 월트 디즈니사의 커튼을 벗겨본다. 매주 영화, 테마파크, 목적지, 음악, 장난감 등의 뒷이야기 속으로 안내하는 시리즈에 귀 기울여 보자. 각 에피소드에서는 마법 같은 순간과 진심 어린 이야기를 전해주는 디즈니의 3가지의 특별한 이야기를 선보인다."
104,104,고래의 비밀,/t/p/w94_and_h141_bestv2/2g2CxykQVP6ol7lqa5kiExsARYR.jpg,"4월 22, 2021","고래들의 문화 속으로 시청자를 초대해 범고래, 혹등고래, 흰고래, 일각고래, 그리고 향유고래까지 다섯 종의 고래가 가진 독특한 의사소통 능력과 정교한 사회적 구조를 공개한다. 3년이 넘는 기간 동안 24개 장소에서 촬영된 이 장대한 여정을 통해, 우리는 고래가 일반적인 생각보다 훨씬 더 다채로운 문화를 가진 우리 인간을 닮은 동물임을 알게 된다."
105,105,으랏차차 스모부,/t/p/w94_and_h141_bestv2/1egQiI146vuXF0CkuZMiBH3RqFb.jpg,"10월 26, 2022",쿄리츠대 4학년 모리오카 료타는 졸업을 위해 존폐 위기에 처한 스모부에 들어간다. 주장 오바 호노카는 전국 대회 준우승의 실력자. 노력을 싫어하던 료타는 점차 스모에 빠져든다
106,106,아소카,/t/p/w94_and_h141_bestv2/mlGiMMATw5g8sPG9HEDBENeTcoG.jpg,정보 없음,정보 없음
107,107,샵 클래스: 어린 공학자,/t/p/w94_and_h141_bestv2/p9XUS7cHl0LDbdrB1T8bxY462id.jpg,"2월 28, 2020",정보 없음
108,108,아가사: 코빈 오브 카오스,/t/p/w94_and_h141_bestv2/A4JyrpPCsw57E0JHcZK7TDPVPqP.jpg,정보 없음,정보 없음
109,109,슈퍼주니어: 더 라스트 맨 스탠딩,/t/p/w94_and_h141_bestv2/6yRcUfKkV89VEFiLwzuryJHtHHb.jpg,"1월 18, 2023","새로운 형태의 그룹 ‘슈퍼주니어 05’가 현재형 글로벌 톱 아티스트 ‘슈퍼주니어’가 되기까지 단 한 번도 세상에 꺼내지 않았던 이야기를 담은 다큐멘터리. 수 천개의 메이킹 필름 사이에 스며있는 기쁨과 아픔, 환희와 절망 속에 성장한 나날을 곱씹으며 소중해서 말하지 못했던 멤버들의 진짜 속마음을 담았다."
110,110,도전! 안내견,/t/p/w94_and_h141_bestv2/vcPGkS4Wzj09132CDjWG337UJcW.jpg,"12월 20, 2019","개로서 가질 수 있는 최고의 직업, 시각장애인 안내견 양성소(Guide Dogs for the Blind)의 안내견이 되려 하는 사랑스러운 개 여섯 마리의 흥미진진하고 의외로 긴장감 넘치는, 파란만장한 모험을 기록한다. 다큐멘터리 영화 ‘피크 오브 더 리터’에 착안한 시리즈."
111,111,자라나는 동물들,/t/p/w94_and_h141_bestv2/xJrOWul6c1pCQuq6kBD2q3nvv3n.jpg,"8월 18, 2021",태아 시절부터 독립의 첫 걸음까지 아기 동물의 특성과 끈기를 보여주는 다큐멘터리
112,112,뻔뻔한 천사들,/t/p/w94_and_h141_bestv2/3RVcpFhRzYEYy4jqXf3Q5Vy4jTi.jpg,"4월 13, 2022","마시모가 사고로 세상을 떠난다. 아내 안토니아는 그가 생전에 '미켈레'란 청년을 만나왔던 사실을 알고 충격에 빠진다. 남편의 은밀한 사생활을 파헤치기 시작하는 안토니아는 뜻밖에도 미켈레는 물론 그의 별난 친구들과 깊은 우정을 나누게 되는데, 사실 이들은 죽은 남편에게는 제2의 가족이나 다름없었다. 이들을 통해 세상을 보는 시각을 바꾸게 되는 안토니아. 그녀에게 다시 사랑이 찾아올까?"
113,113,엑스맨 '97,/t/p/w94_and_h141_bestv2/kZhODsClYVftvqwwZB7nPcuA1km.jpg,정보 없음,정보 없음
114,114,인사이드 픽사,/t/p/w94_and_h141_bestv2/dslzJo3irq62BmYqi4tEaY6vunX.jpg,"11월 13, 2020",픽사 애니메이션 스튜디오에서 일하는 사람들과 영화 제작에 얽힌 그들의 예술성과 문화를 다큐멘터리로 만든 시리즈
115,115,디즈니의 평범한 하루 (쇼츠),/t/p/w94_and_h141_bestv2/pESZGIvbAVrZP0evCueNseUbmPP.jpg,"12월  6, 2019","디즈니의 마법과 감동을 전하기 위해 수많은 곳에서 일하고 있는 디즈니의 숨은 주역들을 소개한다. 디즈니랜드부터 마드리드의 거리까지, 디즈니의 환상을 실현시키기 위해 창의력과 열정을 다해 일하는 사람들. 사랑스러운 캐릭터를 탄생시키고, 디즈니랜드의 기차를 몰고, 디즈니 채널의 차세대 스타를 발굴하는 등, 디즈니의 새로운 꿈을 전하기 위해 매일 열심히 뛰고 있는 그들의 꿈과 도전, 그리고 감동적인 사연들을 함께할 수 있는 시간."
116,116,매염방: 감독판,/t/p/w94_and_h141_bestv2/cqOgEeTlkfs2vRh8BiOmpCwYbwI.jpg,"2월  2, 2022","눈부신 커리어를 쌓아온 홍콩 가수 매염방의 삶을 들여다본다. 가족과 친구, 공동체의 발전을 위해 변함없는 헌신을 쏟아부었던 매염방. 매염방의 삶은 음악계의 유산이자 '홍콩의 딸'이라는 이름을 붙여주었다."
117,117,"소프라노: 음악으로, 죽음으로",/t/p/w94_and_h141_bestv2/4YT370r5xBvmtVStWDPX4PrZLmX.jpg,"6월 15, 2022","다큐멘터리 시리즈 는 코모로 이민자의 아들이며, 마르세유 북부 지역 출신에, 현재 프랑스에서 가장 인기 있는 래퍼들 중 한 명인  사이드 음룸바바(Said M'Roumbaba, 일명 소프라노), 그리고 소프라노의 성공에 지대한 영향 끼친 그의 친구들 '마테오', '메즈' '자말리'에 대한 이야기다."
118,118,우세킨,/t/p/w94_and_h141_bestv2/18RywkELYEICIZb0flhqxYS0myd.jpg,"5월 11, 2022","1986년 12월 5일 밤, 22세 말릭 우세킨은 경찰의 폭행으로 사망한다. 로베르 팡로 의원을 필두로 정부가 은폐하려고 하자, 우세킨 가족은 정의를 위해 싸우고 진실을 폭로해야할 상황에 놓인다. '우세킨'은 총 4화로 구성된 미니시리즈로, 우세킨 가족의 힘겨운 사투를 그린다. 시간을 거슬러 올라가 그들의 희망과 절망, 그리고 소란스러운 한 나라의 초상을 보여준다."
119,119,스타워즈: 갤럭시 사운드,/t/p/w94_and_h141_bestv2/i8Xpq1gDmPDJNloN055F8mJaLsf.jpg,"9월 29, 2021","시리즈 는 경이로움, 즐거움, 이상함 등으로 구분한 멀고 먼 은하계의 소리를 탐구한다. 해 질 녘 코러산트의 흥얼거림에 빠져들고, 레이가 과거의 제다이와 연결될 때 포스의 라이트사이드를 듣고, 날카로운 광선검 결투에 몰입하라. ‘스타워즈’ 시리즈 추억의 소리를 경험하라."
120,120,런닝맨: 뛰는 놈 위에 노는 놈,/t/p/w94_and_h141_bestv2/wjI2FfsNihLEmaxcIvs7vOuSvMw.jpg,"11월 12, 2021","김종국, 하하, 지석진, 송지효, 양세찬이 뭉쳤다!  역사상 최초의 아이템부터, 상상만 해왔던 매치업, 그리고 초특급 게스트들까지! 의 오리지널 스핀오프 -"
121,121,The Good Mothers,/t/p/w94_and_h141_bestv2/ldFLqs2Nyc2EcceTw1Dz6JGv8To.jpg,"4월  5, 2023",정보 없음
122,122,애콜라이트,/t/p/w94_and_h141_bestv2/wqqnuOpC0WYtTURzGIHE4PdaDKR.jpg,정보 없음,정보 없음
123,123,Dat ene woord - Feyenoord,/t/p/w94_and_h141_bestv2/2Rn0BPvd4BQ5zU6OdWQJyhnhrNZ.jpg,"9월  1, 2021",페예노르트 축구팀은 코로나-19 전염병 확산에 따라 2020/21 시즌에는 무관중으로 운영되어야 한다. 하지만 라커룸과 회의실 영상을 통해 시청자들은 팀의 핵심 구성원들과 훨씬 더 가까워진다.
124,124,디즈니 애니멀 킹덤의 행복한 동물 세상,/t/p/w94_and_h141_bestv2/lNRO8KT7tEXIp4vGfGvD7JudLHW.jpg,"9월 25, 2020","세상에서 가장 사랑받는 곳인 Disney’s Animal Kingdom Theme Park와 The Seas with Nemo & Friends at Epcot의 숨겨진 뒷모습을 시청자들이 만끽하게 해준다. 시청자들은 공원의 동물들을 만날 수 있는 전례 없는 경험을 할 수 있으며, 동물과 굉장한 유대감을 형성한 동물 관리 전문가들을 만나볼 수도 있다."
125,125,빅 핍: 누구의 거짓말?,/t/p/w94_and_h141_bestv2/3rHSVwHp7okxd76S4MhyWHf3O6a.jpg,"5월 22, 2020","이벳 니콜 브라운이 진행하고 리스 다비가 로봇 보조 진행자 ‘클라이브’로 출연하는 즐거운 코미디 게임쇼다. 각 에피소드마다 어린이가 참가해 특정 분야에 대해 잘 아는 어른들을 상대로 질문을 하며 누가 진짜 전문가고 누가 거짓말쟁이인지를 판가름한다. ‘가짜 뉴스’가 판치는 요즘 시대에, 어린이들(과 그 밖에 모든 사람들)이 올바른 의문을 갖고 스스로 생각하는 법을 재미있는 방식으로 길러주는 프로그램이다."
126,126,레너베이션,/t/p/w94_and_h141_bestv2/xcAyVqGfbIbTvu8a4B937k3A6fu.jpg,"4월 12, 2023","《레너베이션》은 전 세계 지역 사회에 나눔을 베풀려는 제레미 레너의 열정을 실현하고자 특수 자동차들을 지역 사회의 필요에 맞게 재창조하는 오리지널 시리즈다. 영화 밖 제레미는 전 세계의 창의적인 조립 제작 문화에 관심이 지대하고, 이런 기술로 사람들의 인생을 바꾸며 남들도 동참하도록 영감을 주고자 한다."
127,127,호주의 난파선 사냥꾼들,/t/p/w94_and_h141_bestv2/xa0CviJMHZ2P0RPjNKDgsJ1QJHo.jpg,"10월  5, 2022",모험심이 강한 다이버들과 수중 영화 제작자들로 구성된 독특한 팀이 해양 전문 고고학자들과 함께 웨스턴오스트레일리아의 광활한 해안에서 오랫동안 잃어버렸던 난파선들의 비밀을 파헤친다. 집요한 선장이 이끄는 이 임무는 새로운 증거와 연구 기록 조사를 결합하여 지구상에서 가장 놀라운 장소 중 한 곳에서 밝혀지지 않은 과거에 대한 전면적인 탐사에 나서는 것이다.
128,128,이매지니어링 스토리,/t/p/w94_and_h141_bestv2/oRoDeDXdG354ycOccep8HQ4HN44.jpg,"11월 12, 2019","전례 없는 촬영 기회를 얻은 레슬리 아이웍스는 아카데미 상 후보에 올랐던 영화 제작자로, 월트 디즈니 이매지니어링의 숨은 이야기 속으로 시청자를 안내한다. 월트 디즈니 컴퍼니의 디자인과 개발 중심지인 월트 디즈니 이매지니어링을 통해 전 세계에 있는 디즈니 테마파크를 창조하고 만드는 과정을 살펴본다."
129,129,믿어주세요 진짜예요!,/t/p/w94_and_h141_bestv2/lsUh946VK2zVHBqmFeWyICBZlkT.jpg,"9월  5, 2016","무당벌레는 벌레가 아니란 사실. 상어의 감각은 7개란 사실. 우주 비행사는 우주에서 키가 줄어든다는 사실. 알고 있었을까? 내셔널지오그래픽의 '믿어주세요 진짜예요!'에서는 기발하고 색다른 모험을 통해 세상에 대한 신기하고 흥미로운 사실을 알아본다. 과학을 사랑하는 어린이들의 엔터테이너이자 교육자 듀오가 스튜디오와 야외를 오가며 미술과 공예, 놀라운 이론, 즐거운 탐험으로 이 프로그램을 진행한다. 공룡 화석에서 비행기까지 어떤 주제든 상관없이 세상의 이상하고 신비한 비밀을 파헤쳐본다!"
130,130,모아나,/t/p/w94_and_h141_bestv2/qKiFNFX9Nw3DDDmD6qAVrSmOXxm.jpg,정보 없음,디즈니 플러스 시리즈
131,131,앙코르! 다시 무대로,/t/p/w94_and_h141_bestv2/mwqvWwriHOV3L8KjNIZN4QzDdej.jpg,"11월 12, 2019","제작 책임자 크리스틴 벨이 미국 전역 고등학교 동창들을 불러 모아 이들이 젊은 시절에 했던 공연을 다시 무대에 올린다. 동창생들은 브로드웨이 전문가들의 도움을 받아, 사랑받는 여러 뮤지컬 ‘사운드 오브 뮤직’, ‘미녀와 야수’,  ‘애니’, ‘그리스’ 등을 열연한다. 과연 기립 박수를 받을 수 있을까?"
132,132,마블 좀비즈,/t/p/w94_and_h141_bestv2/vK2ZJlnurjxajVXGxy6KMeHJuW8.jpg,정보 없음,정보 없음
133,133,동화 속 결혼식,/t/p/w94_and_h141_bestv2/wMYHmoXYsu7WhtJC1HQPQyDZiBm.jpg,"5월  7, 2017","월트 디즈니 월드와 디즈니랜드, 디즈니 크루즈 라인을 포함해 전 세계 디즈니 관광 명소에서 펼쳐지는 마법 같은 결혼식과 세상에 하나뿐인 약혼식의 무대 뒤 모습을 구경한다. 패션과 제품들부터 세계 수준 엔터테인먼트와 장식까지, 시청자들은 ""동화 속 결혼식"" 브랜드가 25년 동안 만들어 온 현대의 동화를 엿보게 될 것이다."
134,134,비하인드 어트랙션,/t/p/w94_and_h141_bestv2/yYQAzT4G0Y3b2LJAlspBUmk9iEb.jpg,"7월 21, 2021","디즈니 파크 어트랙션의 개발 비법을 공개합니다! 책임 프로듀서 드웨인 존슨과 디즈니 이매지니어들이 디즈니 파크 어트랙션의 마법 같은 스토리를 들려줍니다. 999명의 행복한 유령이 어떻게 헌티드 맨션에 살게 되었는지, 트와일라잇 존 타워 오브 테러 어트랙션이 어떻게 가디언즈 오브 갤럭시 미션: 브레이크아웃! 으로 변신하게 되었는지에 대한 과정과 정글 크루즈 어트랙션에서부터 스타워즈: 갤럭시스 에지 테마 랜드 개발까지의 모든 비하인드 스토리를 살펴봅니다."
135,135,에코,/t/p/w94_and_h141_bestv2/3bv5Dv3YmQfzg5ckQMwzCUQ89hU.jpg,정보 없음,정보 없음
136,136,Besos al aire,/t/p/w94_and_h141_bestv2/nHgPGnUu6h3qH1xH5DoB36PEQjg.jpg,"3월 26, 2021",정보 없음
137,137,Viaje al centro de la Tierra,/t/p/w94_and_h141_bestv2/q4fBavvoPO2ow6WGWwGUTSy68t8.jpg,"3월 29, 2023",정보 없음
138,138,지구에서 네드에게,/t/p/w94_and_h141_bestv2/AnyhfnDvaeJNY6LZbU75mzxL0lK.jpg,"9월  4, 2020",지미 헨슨 컴퍼니가 제작하는 심야 토크쇼의 진행자인 외계인 함장 네드와 그의 부하이자 중위인 코넬리어스는 우리 인류의 문화를 사랑하게 되어 지구 침공을 포기한다. 네드와 코넬리어스는 지하 깊숙한 곳에 숨은 우주선 함교에서 방송을 하면서 지구 최고의 자원인 스타들을 인터뷰한다. 네드는 함선의 인공지능인 베티와 파괴적인 클로드들의 도움을 얻어 이 토크쇼의 존재를 고향별에 들키지 않게 해야만 한다. 이 사실을 들키면 은하함대 제독의 응징을 받게 된다.
139,139,아이언하트,/t/p/w94_and_h141_bestv2/ha1kackPwP1BLtyibzuv5hABiDk.jpg,정보 없음,정보 없음
140,140,마블 히어로 프로젝트,/t/p/w94_and_h141_bestv2/j2TH66P0JRIgGclrBJvbMYhKMry.jpg,"11월 12, 2019","현실에선 히어로가 되기 위해 아이언 슈트를 걸치거나, 신화적인 망치를 휘두르거나 거미줄을 타고 날아다니지 않는다. 때로, 세상에서 적극적인 차이를 만들어내는 사람은 문제를 단순히 보고 창의적인 해법을 찾으려는 열정을 가진 사람이다. 마블 히어로 프로젝트는 현실의 어린 히어로들이 지역사회와 긍정적인 영향을 나누는 각본 없는 시리즈이다. 사람들에게 영감을 주는 이 특별한 아이들은 놀라운 여러가지 활동에 헌신한다. 마블은 마블 히어로 프로젝트를 통해 이 아이들을 만화속 주인공으로 만들어 불멸의 존재로 남게 한다. 이 아이들은 아직 모르고 있지만 그들은 마블 히어로 프로젝트의 일원이 됨으로써 아주 특별한 최정예 집단의 창립 회원이 되려 한다."
141,141,스파이더맨: 프레쉬맨 이어,/t/p/w94_and_h141_bestv2/7ecqjxf49CaTsqQFIUd1iceoXZB.jpg,정보 없음,정보 없음
142,142,Vikingskool,/t/p/w94_and_h141_bestv2/cC3PRjQisKz3d0BPqfdD5BilPDH.jpg,"5월  6, 2022",정보 없음
143,143,디즈니 애니메이션 스튜디오 제공 (Goofy in How to Stay at Home),/t/p/w94_and_h141_bestv2/6mquHuSdZhTa0yFivASiswFxau7.jpg,"8월 11, 2021","구피가 마스크 쓰는 법과 요리하는 법, TV 몰아 보는 법을 주제로 집에서 머무는 방법을 소개하는 수작업 애니메이션 단편 ‘구피와 집에 머물기’ 시리즈로 돌아왔다."
144,144,더 존: 버텨야 산다,/t/p/w94_and_h141_bestv2/xHOYyXpLNeUy0w3RU4nQLMgfeIO.jpg,"9월  8, 2022",인류를 위협하는 재난 속 탈출구 없는 8개의 미래 재난 시뮬레이션 존에서 펼쳐지는 인류대표 3인방의 상상 초월 생존기를 그려낸 리얼 존버라이어티
145,145,모두 같거나 혹은 다르거나,/t/p/w94_and_h141_bestv2/8lt2o44H8SsR3YQ3nNZNDwCoPW7.jpg,"5월 25, 2022","카로우와 친구들은 새 학년을 준비하면서, 이들이 사랑하는 리우데자네이루의 해변을 다니고 인생을 즐기지만… 이들의 우정이 시험대에 오른다. 카로우는 엄마의 결혼 생활, 자신의 선생님이자 새아빠, 견디기 힘든 이복 남동생, 친구들의 개인적 문제까지 받아들여야 한다. 하지만 이들은 함께다… 혹은 아니거나."
146,146,버티 그레고리의 에픽 어드벤처,/t/p/w94_and_h141_bestv2/8UWkgg7vLbSzloU4kmqp2hdQ0Es.jpg,"9월  8, 2022",야생동물의 특별한 순간을 포착하며 전 세계를 여행하는 젊은 탐험가의 위험천만한 여정을 함께 따라가 본다.
147,147,소품과 영화,/t/p/w94_and_h141_bestv2/43wuBG4B1HGB4B8Z9MnVNiLwawR.jpg,"5월  1, 2020","영화 소품 수집가 댄 래니건이 전설적인 디즈니 영화 속 소품을 만든 스태프들과 그걸 사용한 배우 및 영화 제작자들을 만난다. 이 여정을 통해 댄은 사라진 유물을 발견하고, 개인 컬렉션을 방문하며, 월트디즈니 기록 보관소에 잠든 소품들의 옛 영광을 되살리기도 한다."
148,149,"리얼 라이프, 픽사",/t/p/w94_and_h141_bestv2/bgKwNs66dsEt3e0D7wJLmAxxgnz.jpg,"11월 12, 2019",픽사 영화에 등장하는 상징적인 캐릭터와 명장면을 현실 세상으로 불러온다. 뉴욕시 곳곳에서 촬영한 이 시리즈는 누구도 예상하지 못한 순간에 실제 장소에서 진짜 사람들에게 놀라움과 즐거움을 선사한다.
149,150,코러스: 성공을 향하여,/t/p/w94_and_h141_bestv2/t30eU5NjM8wEr3dyqLhUA6dunMQ.jpg,"9월 28, 2022","10명의 젊은 아티스트들이 극단에 합류하기 위해 오디션 결선에 참여한다. 참가자들은 꿈, 열정, 두려움과 불확실한 과거를 직면하고 미래를 바꾸고자 한다."
150,151,Star Wars Vehicle Flythroughs,/t/p/w94_and_h141_bestv2/qcVesiLTqbUYpGKl8KXZgeNhtz4.jpg,"5월  3, 2021",정보 없음
151,152,I Cavalieri di Castelcorvo,/t/p/w94_and_h141_bestv2/kfGgUq56oyNG0q6929Z2znAznPh.jpg,"11월  6, 2020",정보 없음
152,153,우주 속으로,/t/p/w94_and_h141_bestv2/l8EoArDMQdCi18e9quLqTrTILnu.jpg,"10월  6, 2021","6편의 다큐멘터리는 지상과 우주에 설치된 카메라를 통해 나사라는 넓고도 복잡한 세상의 일상 모습을 그대로 담아내고 있다. 나사의 우주비행사, 크리스 캐시디는 마지막 임무를 위하여 우주복을 입고 우주로 돌아가기 위해 애쓴다. 이 시리즈는 인류의 더 큰 대의를 위해 목숨과 팔다리와 명성을 위협하는 임무를 수행하는 크리스와 그의 팀의 뒤를 쫓는다."
153,154,지구를 느끼다,/t/p/w94_and_h141_bestv2/80If1P5jHpEdUPN0GRfosCIHccn.jpg,"4월 16, 2021","화려하고 고요한 세계 곳곳을 돌며 시청자에게 최고의 휴식을 선사한다. 푸른 빙하와 건조한 사막, 무성한 우림과 역동하는 대도시를 여행하며 일상의 소음으로부터 탈출하자. 각각의 ‘무드’는 음악과 소리, 자연의 세계를 선사하며 시청자가 휴식을 취하고 리셋할 기회를 준다."
154,155,토슈즈,/t/p/w94_and_h141_bestv2/mnnADvYvh3M8sOKdRsJsV2JZ3PW.jpg,"12월 18, 2020",뉴욕 시 아메리칸 발레 학교(SAB)의 한 학기 모습을 보여주는 6부작 다큐멘터리이다. 전문 발레 댄서를 꿈꾸는 다양한 학생들이 꿈을 이루기 위해 치열한 훈련을 해나가는 과정이 전개된다.
155,156,두려움 없이: 호주여자풋볼 인사이드,/t/p/w94_and_h141_bestv2/a527BPSQ5WSQQlKFxmj2RWLKsyz.jpg,"8월 24, 2022","꿈을 향한 감성 충만한 기록, 혁신적인 AFLW 리그의 도전과 영광의 순간을 생생하게 담았다. 호주식 풋볼을 절대 선수급으론 못 한다는 말을 들었지만, 극복하고 꿈을 실현하는 용감한 선구자들을 6부작 다큐멘터리 시리즈로 만나게 된다. 경기에 나선 4개 팀의 행보를 따라, 리그의 이면까지 독점 취재하며 도전과 영감을 동시에 얻었다. 다양한 출신의 선수들이 저마다 족적을 남기는 모습을 지켜보자."
156,158,비커밍: 꿈으로 가는 길,/t/p/w94_and_h141_bestv2/p0gA36Bmm3bijhP2rYsAW8zYcDY.jpg,"9월 18, 2020",르브론 제임스와 매버릭 카터가 총괄 제작을 맡아 세계적인 연예인들과 운동선수들이 지금의 자리에 오기까지의 이야기를 본인들의 목소리로 담아낸 작품. 각각의 주인공은 지나온 길을 돌아보며 자신들을 지금의 자리에 있게 한 고난과 성공을 내밀한 시선으로 회고한다. 주인공들의 가까운 지인들이 나와 이들이 스타가 되기까지 겪어야 했던 여정에 관한 미공개 이야기들을 들려준다.
157,159,Family Reboot,/t/p/w94_and_h141_bestv2/iu6psqtxgi5aIV7xmH0ZFJ5PpuY.jpg,"6월 15, 2022",정보 없음
158,160,도나 헤이의 맛있는 크리스마스,/t/p/w94_and_h141_bestv2/mcE1b3hGJkpuv4wdC5mTxjyLsMu.jpg,"11월  2, 2022",도나 헤이가 아끼는 팁을 활용하여 가장 화려한 축제 행사를 열어 보세요.
159,162,별난 여행,/t/p/w94_and_h141_bestv2/uwVWm4CktTqORxW6puzCIfpvlt7.jpg,"7월 24, 2020",정보 없음
160,164,어른이 되려면,/t/p/w94_and_h141_bestv2/s4e9RCvPlY7fzDhwRfdsfgPJTCR.jpg,"9월  8, 2022","10가지 성장 스토리를 통해 청소년기의 도전 과제, 성취와 복잡한 감정선을 탐구하는 다큐 시리즈."
161,165,침팬지 이야기,/t/p/w94_and_h141_bestv2/9fXBDIqw4CAEFAFsuMEjjFhUMXS.jpg,"10월 16, 2020","‘미트 더 침스’가 전 세계에서 손꼽힐 만큼 크고 독특한 야생동물 보호 구역, 침프 헤이븐의 숨겨진 삶 속으로 시청자를 데려간다. 미국 루이지애나 중심부의 깊은 숲속, 면적이 80헥타르에 달하는 보호 구역에 침팬지 약 300마리가 살고 있다. 놀라운 침팬지 무리의 파란만장한 삶을 기록한 내셔널 지오그래픽 6부작 시리즈."
162,166,파도를 따라서,/t/p/w94_and_h141_bestv2/ssJHCoHfF52Or9H1jT5NNZ0NvD0.jpg,"1월 11, 2023","도쿄에서 올림픽 종목으로 데뷔하는 서핑을 통해 세계적인 서핑 문화를 향하는 일본 선수들과 장소들이 스포트라이트를 받는다. 캐릭터에 집중하는 이 다큐멘터리는 다문화 선수들이 어떻게 그들의 꿈을 쫓는지, 어떻게 일본 생활의 매력에 빠지는지, 국제 서핑 무대에서 어떻게 해야 성공할 수 있는지 보여준다."
163,167,스타워즈: 스켈레톤 크루,/t/p/w94_and_h141_bestv2/8xVQqNkEEgGOODkYIW9psU3SxzC.jpg,정보 없음,정보 없음
164,168,도전! 디즈니 셰프,/t/p/w94_and_h141_bestv2/aNKDOWgFfKYyKO3TudHnzYb6Isx.jpg,"3월 27, 2020",정보 없음
165,169,빌 파머와 함께하는 강아지의 삶,/t/p/w94_and_h141_bestv2/w0NsE4050qDV6mYAunFs4tadIvZ.jpg,"5월 15, 2020",30년 넘게 구피와 플루토의 성우를 해 온 디즈니 유명 인사 빌 파머가 녹음실 밖으로 나와 가장 좋아하는 강아지들을 만나러 간다. 빌과 함께 미국 전역을 누비며 대단한 일을 하는 강아지들을 만나보자.
166,170,Opa Popa Dupa,/t/p/w94_and_h141_bestv2/qdQK5XJFmHhJ1zr8wgxYU2IglAz.jpg,"1월  1, 2019",정보 없음
167,171,Turu y los Turulecos,/t/p/w94_and_h141_bestv2/ykjzEUJ1A9FTNNvsU9JgVlSTSFZ.jpg,"9월 10, 2022",정보 없음
168,173,드로이드 스토리,/t/p/w94_and_h141_bestv2/4ZUIJTAhwT4Sno0XaKTwVH65HuO.jpg,정보 없음,정보 없음
169,174,El Ristorantino de Arnoldo,/t/p/w94_and_h141_bestv2/rL9b3ZUrS4FxsG0xOzIOTvWqCH8.jpg,"1월 29, 2021","아놀도는 프란시스와 함께 바닷가와 작은 마을에 리스토란티노를 열고, 독특한 음식 문화를 만들고자 한다. 하지만, 말루와 케노 말바티라는 악당 남매가 경쟁자로 가공 식품을 만들어 판다. 아놀도와 직원들이 말바티의 우스꽝스러운 방해 공작을 이겨내면서, 고객들에게 기쁨을 주려 노력하는 모습이 그려진다."
170,176,판타스틱 푸드,/t/p/w94_and_h141_bestv2/AuqOsO9XbCzMeIjz0GCoUi1aiA6.jpg,"12월 15, 2021","디즈니의 세계는 전 세계에 걸쳐 오랫동안 시청자와 아티스트들에게 영감과 감동을 선사했다. 디즈니, 마블, 픽사, 루카스필름, 머펫의 스토리텔링은 희망과 감동을 주는 동시에 모험심을 고취한다. 이번에 선보이는 획기적인 신규 디즈니 플러스 오리지널 시리즈에서는 이런 환상적인 세계들의 문이 새로운 세대의 시청자 및 푸드 아티스트들에게 활짝 열린다."
171,177,재미있는 디즈니 공작교실,/t/p/w94_and_h141_bestv2/gjFh5sCpScubbOZ6WrDzhj28Piq.jpg,"11월 12, 2019",정보 없음
172,180,아메리칸 본 차이니즈,/t/p/w94_and_h141_bestv2/3avRqEkGl7KPZyR5WOuxFfmu4WE.jpg,"5월 24, 2023",정보 없음
173,181,랜도,/t/p/w94_and_h141_bestv2/srigyX8y3zvtobp6FPefZjqx71j.jpg,정보 없음,정보 없음
174,182,High School Musical: The Musical: The Series: The Sing-Along,/t/p/w94_and_h141_bestv2/jUG7l6sonaUGsBOyqyCG8D3SPZd.jpg,"11월 30, 2019",정보 없음
175,183,Los hermanos Salvador,/t/p/w94_and_h141_bestv2/4cLLt8lDR5qQuEAe1xDsqjAsO1j.jpg,"3월 23, 2022",정보 없음
176,184,스케치북,/t/p/w94_and_h141_bestv2/fyzgK3zXK2LZdCsbGiDc9QImpEa.jpg,"4월 27, 2022",재능 있는 아티스트 및 애니메이터의 작업 데스크와 그들의 삶을 엿볼 수 있는 교육적인 다큐멘터리 시리즈. 한 명의 아티스트가 대표적인 디즈니 캐릭터 하나를 맡아 어떻게 그리는지 알려주는 방식으로 각 에피소드가 구성되어 있다. 캐릭터 드로잉 단계를 따라가며 아티스트 각자의 이야기도 들어볼 수 있다. 그들은 어떻게 디즈니와 인연을 맺고 인생 캐릭터를 만나게 되었을까? 사랑받는 디즈니 캐릭터들이 스크린에서 생명을 얻게 되는 과정을 새로운 방식으로 조명하면서 보이는 캐릭터 뒤에 있는 진짜 캐릭터인 아티스트를 소개하는 《스케치북》. 연령에 상관없이 누구나 즐길 수 있는 이 특별한 다큐멘터리는  제작진이 선보인다.
177,186,Rangers of the New Republic,/t/p/w94_and_h141_bestv2/vHBSjxX68pCOYWiMfaOFMnMEI1g.jpg,정보 없음,스타워즈 시리즈 신작
178,191,Voluntários Shorts: Tudo É Pela Ciência,/t/p/w94_and_h141_bestv2/42IhBOEL6ler6wngiyznORAG4dT.jpg,"1월 26, 2022",정보 없음
179,192,極島森林,/t/p/w94_and_h141_bestv2/xJIb3yYYkrE5dk93eyKhWZmTPTW.jpg,"5월 13, 2022",정보 없음
180,195,Beyond the Clouds,/t/p/w94_and_h141_bestv2/wNFPhrHmki6VT7xAfQ9hYL6vGDU.jpg,"12월  4, 2020",정보 없음
181,200,On The Edge With Alex Honnold,/t/p/w94_and_h141_bestv2/57qT4jILy1UuCsIZXatn8WAQM4a.jpg,정보 없음,정보 없음
182,201,A Real Bug's Life,/t/p/w94_and_h141_bestv2/eOBmuBYfVQOjcRE6RvpPRHxrDcW.jpg,정보 없음,정보 없음
183,202,Sobrevolando,/t/p/w94_and_h141_bestv2/jJxqoPOiEQ7YAHauPMNEbIx0KYF.jpg,"11월 17, 2020",정보 없음
184,205,스타 워즈: 영 제다이 어드벤처,/t/p/w94_and_h141_bestv2/lenZSTJQBF40VLj6UurcdII0TB3.jpg,"5월  4, 2023",정보 없음
185,207,Disney Parks Sunrise Series,/t/p/w94_and_h141_bestv2/79hu54cx4X29tTuOUAdfsVO4UPJ.jpg,"12월 18, 2020",정보 없음
186,214,윈 오어 루즈,/t/p/w94_and_h141_bestv2/97iAPQOSaJHHyrz91V2p3sHzr1h.jpg,정보 없음,정보 없음
187,215,티아나,/t/p/w94_and_h141_bestv2/8GrA08HlcACYyxjCdIJ89yW6NxK.jpg,정보 없음,디즈니 플러스 시리즈
188,217,Conecta y Canta,/t/p/w94_and_h141_bestv2/8bSWW841tnv3RRjgair9e7cu3Ri.jpg,"2월 12, 2021",정보 없음
189,219,Matildas: The World at Our Feet,/t/p/w94_and_h141_bestv2/hZlviLXHTqExfiYFVZdr6e2njQY.jpg,"4월 26, 2023",정보 없음
