,count_x,title,poster,release_date,over_view
0,0,웬즈데이,/t/p/w94_and_h141_bestv2/tNWCukAMubqisamYURvo5jw61As.jpg,"11월 23, 2022","똑똑하고 비꼬는 것에 도가 튼 웬즈데이 아담스. 암울함을 풍기는 그녀가 네버모어 아카데미에서 연쇄 살인 사건을 조사하기 시작한다. 새 친구도 사귀고, 앙숙도 만들며."
1,1,너의 모든 것,/t/p/w94_and_h141_bestv2/5jKHUJATJDwLE7fAgH5NvTRipXS.jpg,"9월  9, 2018","지적이고 영리한 서점 직원. 하지만 위험한 내면을 지닌 그가 작가 지망생에게 반한다. 마음이 끌리는 사람에게 다가가기 위해서라면, 무슨 짓이든 할 수 있다. 위험한 매력의 소유자, 집착의 끝을 보여주는 남자. 그의 소름 끼치는 로맨스가 시작된다."
2,2,루시퍼,/t/p/w94_and_h141_bestv2/4EYPN5mVIhKLfxGruy7Dy41dTVn.jpg,"1월 25, 2016",지긋지긋한 지옥 생활을 청산하고 은퇴를 선언한 악마. LA로 와 나이트클럽을 열고 인생을 즐기던 어느 날 강력계 형사를 만나면서 새로운 삶을 살기 시작한다.
3,3,세 개의 비밀,/t/p/w94_and_h141_bestv2/xwZVZCXUq2ir54zYtfHtJgyf1Hy.jpg,"2월 22, 2023",출생 후 일란성 세쌍둥이인 자매 둘과 생이별하게 되었다는 사실을 알게 된 레베카. 그녀가 자신의 출생에 대한 진실을 밝히기 위해 위험천만한 여정에 오른다.
4,4,더 글로리,/t/p/w94_and_h141_bestv2/m0cNGGKPVF3Yccx7iBQZUBQxuLJ.jpg,"12월 30, 2022","고등학교 시절, 끔찍한 괴롭힘에 시달렸던 여자. 많은 시간이 흐른 후, 가해자들을 응징하기 위해 그녀가 치밀한 복수를 감행한다."
5,5,섹스/라이프,/t/p/w94_and_h141_bestv2/kfcJl5e8CRWDU7e4vX6uNABPRbS.jpg,"6월 25, 2021","아내이자 엄마로 살아가는 그녀. 하지만 대담하고 관능적인 과거가 평온한 현재를 뒤흔든다. 그가 다시 나타났기 때문이다. 언제나 그녀 마음에 남아있던 남자, 불꽃처럼 타오르던 나쁜 남자가."
6,6,기묘한 이야기,/t/p/w94_and_h141_bestv2/mpOQpOKdo2XJnTqRzo1lTmDNsc1.jpg,"7월 15, 2016","인디애나주의 작은 마을에서 행방불명된 소년. 이와 함께 미스터리한 힘을 가진 소녀가 나타나고, 마을에는 기묘한 현상들이 일어나기 시작한다. 아들을 찾으려는 엄마와 마을 사람들은 이제 정부의 일급비밀 실험의 실체와 무시무시한 기묘한 현상들에 맞서야 한다."
7,7,종말의 발키리,/t/p/w94_and_h141_bestv2/ygE1AEV6pXFuCzbjS9ts59LxDm5.jpg,"6월 17, 2021","7백만 년 인류 역사에 종지부를 찍기로 한 신들. 그들이 인간에게 마지막 기회를 준다. 전 세계의 신과 사상 최강의 인간이 일대일로 맞붙는 열세 번의 승부, ‘라그나로크’가 지금 시작된다."
8,8,지금 우리 학교는,/t/p/w94_and_h141_bestv2/d9yefq8dNke4UbuqStBtUcO9TxD.jpg,"1월 28, 2022",좀비 바이러스 발생의 시발점이 된 고등학교. 이곳에 갇힌 학생들은 필사적으로 탈출구를 찾아야만 한다. 그렇지 않으면 감염되어 좀비가 될 뿐.
9,9,위쳐: 블러드 오리진,/t/p/w94_and_h141_bestv2/vpfJK9F0UJNcAIIeC42oJyKMnZQ.jpg,"12월 25, 2022","괴물을 잡는 괴물, 리비아의 게롤트가 존재하지 않던 시절. 1,200년 전의 세계가 열린다. 괴물과 인간, 그리고 엘프가 하나가 되고자 했던 그때. 최초의 위쳐가 탄생한다."
10,10,블루 록,/t/p/w94_and_h141_bestv2/2FwZ4fzLowDvuNpFsfU211yUaHg.jpg,"10월  9, 2022","세계 제일의 에고이스트가 아니면,"
11,11,라스트 킹덤,/t/p/w94_and_h141_bestv2/wUFIEJCSmurmXPX0mP0cEgoltrk.jpg,"10월 10, 2015","잉글랜드의 마지막 왕국을 물려받은 알프레드. 잉글랜드의 핏줄로 바이킹 전사가 된 우트레드. 이들은 적인가, 동지인가. 라스트 킹덤에 전운이 감도는 지금, 두 남자의 운명이 맞물리기 시작한다."
12,12,오징어 게임,/t/p/w94_and_h141_bestv2/yACIAqAkSLkX4coHafpyLWAtQjw.jpg,"9월 17, 2021",빚에 쫓기는 수백 명의 사람들이 서바이벌 게임에 뛰어든다. 거액의 상금으로 새로운 삶을 시작하기 위해. 하지만 모두 승자가 될 순 없는 법. 탈락하는 이들은 치명적인 결과를 각오해야 한다.
13,13,코브라 카이,/t/p/w94_and_h141_bestv2/5qMupAz4A9EN5Rutrkmov45mNXZ.jpg,"5월  2, 2018",1984년 가라데 토너먼트에서 다니엘 라루소에게 충격의 패배를 당한 조니 로렌스는 이후 인생이 완전 꼬이기 시작하였다.  여자 친구는 도망가고 하는 일마다 다 망하고 급기야 해고까지 당하게 된다. 하지만 다니엘 라루소는 그날 이후 승승장구 지역의 유명한 사업가로 성공하며 어느덧 조니의 원수이자 질투의 대상으로 떠오르게 된다. 조니는 마지막 보루로 코브라 카이라는 가라데 도장을 차리게 되고 첫 수제자인 미구엘을 훈련시켜 조니의 수제자와 대결 시키게 되는데...
14,14,이토 준지: 매니악,/t/p/w94_and_h141_bestv2/fvYNKJ5wYQrYudk1NroSgepNpH0.jpg,"1월 19, 2023","공포 만화의 대가 이토 준지. 그의 정신세계 속에서도 가장 괴이하고, 불편하고, 무서운 이야기들만 골라낸 소름 돋는 걸작선."
15,15,엘리트들,/t/p/w94_and_h141_bestv2/9On5DKsxwgPm1UHaqjUZdQ5eyFo.jpg,"10월  5, 2018",애초부터 어울리지 않는 옷이었을까. 스페인 최고의 명문 사립 학교에 전학 오게 된 세 명의 평범한 아이들. 행운을 붙잡은 줄 알았던 이들은 살인 사건에 깊이 연루된다.
16,16,스노우 걸,/t/p/w94_and_h141_bestv2/utAGuquSCqZbJau4ZNP1DMjrUSe.jpg,"1월 27, 2023",스페인 말라가에서 열린 축제 퍼레이드에서 실종된 여자아이. 이 소식을 접한 젊은 신문기자가 사라진 아이를 찾으려는 부모를 어떻게든 돕기로 마음먹는다.
17,17,종이의 집: 공동경제구역,/t/p/w94_and_h141_bestv2/7zLHH6LV6rI6emO0z1U8VZDUkjd.jpg,"6월 24, 2022",통일을 앞둔 미래의 한반도. '교수'라 불리는 수수께끼의 인물이 남과 북의 노련한 도둑들을 모아 희대의 인질극을 꾸민다. 이 작전의 목표는 갓 찍어낸 지폐를 훔쳐 탈출하는 것.
18,18,아리스 인 보더랜드,/t/p/w94_and_h141_bestv2/h1oWkmLITrlTePc2wbQBbRO70Wn.jpg,"12월 10, 2020","2020년 12월 Netflix에서 방영을 시작한 스릴러. 아소 하로의 동명의 만화를 원작으로 한다. 삶의 목적이라고는 없이 무의미한 세월을 보내며 비디오게임에 빠져 사는 젊은 남성. 그가 두 친구와 함께 이상한 세계에 들어간다. 이곳은 또 다른 도쿄, 치명적인 게임의 배경. 그들이 낯설고 이상한 도쿄에서 게임을 시작한다. 도쿄와 비슷하지만 도쿄는 아닌 그곳에서, 그들은 생존이 걸린 위험한 게임을 시작한다.  패배한 자에게는 죽음이 있을 뿐, 선택의 여지는 없고 게임은 계속된다. 승자만이 살아남는 이 곳에서 살고 싶다면 싸워야 한다."
19,19,매니페스트,/t/p/w94_and_h141_bestv2/uvCI5jOgqT3jLmUzFcYHQ35OJvQ.jpg,"9월 24, 2018","몬테고 비행기 828기가 사라지고 5년이 지난 어느 날 비행기가 다시 나타난다. 승객들은 모두 무사했지만 자신들이 알지 못하는 사이 5년이란 시간이 흘러버렸음을 알게 되고, 모든 것들이 변해버린 상황에 닥친 이야기"
20,20,1899,/t/p/w94_and_h141_bestv2/8KGvYHQNOamON6ufQGjyhkiVn1V.jpg,"11월 17, 2022",구대륙에서 신대륙으로 향하는 다국적 이주민들. 그러나 장밋빛 미래를 꿈꾸며 시작된 여정은 망망대해에서 또 다른 배 한 척에 오르면서 끔찍한 악몽으로 변한다. 이 배의 정체는 무엇인가.
21,21,오티스의 비밀 상담소,/t/p/w94_and_h141_bestv2/g2Os8JGYCEvBVrqW5WccNZ57NOD.jpg,"1월 11, 2019","소심한 소년 오티스의 대반전, 그가 아웃사이더 소녀와 함께 섹스 상담소를 연다. 성 상담사 엄마에게 귀동냥한 산지식을 모두 전수해드려요. 오티스는 절찬 상담 중!"
22,22,MH370: 비행기 실종 사건,/t/p/w94_and_h141_bestv2/8anIkfHEc87mOeoobYXkEwvwuOg.jpg,"3월  8, 2023","2014년 어느 날, 239명을 태운 항공기가 레이더에서 완전히 사라진다. 현대사의 최대 미스터리 중 하나로 남은 MH370편 실종 사건을 파헤친 다큐시리즈."
23,23,위쳐,/t/p/w94_and_h141_bestv2/5rPQiz9ql0KdlTr21WDcL85va3H.jpg,"12월 20, 2019","2019년 12월 Netflix에서 방영을 시작한 판타지물. 안제이 삽코프스키의 동명의 판타지 소설 시리즈를 원작으로 한다. 사람들에게 악마의 창조물, 돌연변이라 불리는 고독한 괴물 사냥꾼 리비아의 게롤트가 운명을 향해 머나먼 여정을 떠난다. 때로는 인간이 괴물보다 사악하고 잔인한 이 세상에서, 그는 자신이 있어야 할 자리를 찾고자 고군분투한다. 하지만 운명은 그를 두 여인에게로 인도한다. 강력한 힘을 지닌 여자 마법사와 위험한 비밀을 간직한 공주. 세 사람은 점점 불안해지는 대륙에서 살아나갈 방법을 배워야만 한다. 운명으로 묶인 그들의 싸움이 시작된다."
24,24,다머,/t/p/w94_and_h141_bestv2/f2PVrphK0u81ES256lw3oAZuF3x.jpg,"9월 21, 2022",범행 기간 10년 이상. 피해자만 무려 17명. 10대 남자아이들과 젊은 남성들을 노린 연쇄 살인범 제프리 다머. 그는 어떻게 그 오랜 세월 동안 살인을 저지를 수 있었을까?
25,25,바이킹스: 발할라,/t/p/w94_and_h141_bestv2/rDFy1fUU6OC3Mm0CLFB7u0fGwVN.jpg,"2월 25, 2022","2022년 2월 Netflix에서 방영을 시작한 역사물. 시대를 휩쓴 역대 최고의 바이킹들. 이들이 바이킹 시대의 새로운 서막을 연다. 전편의 결말 이후 100년이 지난 유럽 대륙. 변화의 소용돌이 속에서, 누구도 상상하지 못한 전설의 다음 이야기가 시작된다."
26,26,아프리칸 퀸: 은징가,/t/p/w94_and_h141_bestv2/261fvNbRB78p14bAERDqOrFtZ8J.jpg,"2월 15, 2023","드라마와 다큐멘터리가 혼합된 형식의 시리즈. 가족의 배신과 치열한 정쟁을 딛고 일어나, 오늘날의 앙골라 지역을 통치한 은징가 여왕의 이야기가 펼쳐진다."
27,27,샌드맨,/t/p/w94_and_h141_bestv2/hcdE2CUr3Y36KnRKuPUfltcrsUV.jpg,"8월  5, 2022","오랜 세월 감금당한 채 지내온 꿈의 군주 모르페우스.  빼앗긴 것들과 잃어버린 힘을 되찾기 위해,  그가 여러 세계를 가로지르는 새로운 여정을 시작한다.  유명 만화 시리즈를 각색한 작품. 원작자 닐 게이먼이 개발과 총괄 제작에 참여했으며, 톰 스터리지가 꿈의 군주로 출연한다."
28,28,아우터 뱅크스,/t/p/w94_and_h141_bestv2/rzL0aYsuaoqoYirfzzFSFKZNy3Y.jpg,"4월 15, 2020","가진 자와 못 가진 자들이 공유하는 섬, 아우터뱅크스. 이곳에서 실종된 아버지를 기다리는 존 B와 세 명의 친구가 작당한다. 사라진 보물선을 우리가 찾아내는 거야."
29,29,어른들의 거짓된 삶,/t/p/w94_and_h141_bestv2/ruQQ9tZMQtLC2rUL2TOMGFpt4fF.jpg,"1월  4, 2023",1990년대 나폴리. 어린이에서 청소년으로 넘어가는 중인 소녀 조반나. 과도기의 조반나는 나폴리의 다양한 면면들을 겪으며 자신의 진정한 모습을 찾아간다.
30,30,종이의 집,/t/p/w94_and_h141_bestv2/e4IK8bunUl8OiYyebFUuRKKHD4m.jpg,"5월  2, 2017","1명의 천재, 8명의 공범, 철저히 준비한 세기의 강도. 스페인 조폐국에서 인질극까지 벌인 이들은 과연 포위 경찰을 따돌리고 거액의 돈과 함께 달아날 수 있을까?"
31,31,스타워즈: 클론전쟁,/t/p/w94_and_h141_bestv2/e1nWfnnCVqxS2LeTO3dwGyAsG2V.jpg,"10월  3, 2008","어둠의 세력으로 인해 은하계 전체가 전쟁에 휩싸이고 제다이 기사단 역시 평화를 회복하기 위해 전투에 나선다. 그러나 점점 더 많은 행성들이 다크 사이드 포스의 손아귀에 빠져든다.  은하계의 미래가 달려있는 임무를 맡게 된 '아나킨’과 그의 제자 '아소카'. 둘은 은하계 범죄단의 수괴 '자바 더 헛'의 아들이 납치 당하자 그 아들을 구출하기 위해 떠난다.  한편, ‘오비완’과 ‘요다’는 클론군대를 이끌고 다크 사이드 포스 진영에 맞서 먼 훗날 전설로 기억될 클론전쟁을 시작하는데…"
32,32,지니 & 조지아,/t/p/w94_and_h141_bestv2/j1yqOSVVskSYpYreNT0VeD1S3Dq.jpg,"2월 24, 2021",새로운 마을에 정착했다. 이젠 새로운 인생을 살 수 있을까. 눈물겹게 노력하는 10대 소녀 지니와 그 애의 엄마 조지아. 하지만 조지아의 과거에 숨은 비밀이 그들의 미래를 위협한다.
33,33,보잭 홀스맨,/t/p/w94_and_h141_bestv2/pB9L0jAnEQLMKgexqCEocEW8TA.jpg,"8월 22, 2014","90년대 최고의 시트콤 스타였던 보잭은 과연 20년 후 어떤 모습으로 살고 있을까? 괴팍한 동물이지만 마음만은 비단결인 보잭. 아니, 비단까지는 아니고 명주 정도 되려나?"
34,34,다크,/t/p/w94_and_h141_bestv2/4e8FR7ORN7XtJm5TsGKGtyTQah6.jpg,"12월  1, 2017","어느 날, 아이가 사라졌다. 처음이 아니다. 3대를 이어온 미스터리, 절박하게 답을 찾으려는 네 가족. 현재와 과거가 얽힌 혼돈의 근원에는 무엇이 도사리고 있는 걸까."
35,35,은밀한 회사원,/t/p/w94_and_h141_bestv2/qwJUDMJ4i3KBYjeUFK9Js87iJEa.jpg,"10월 22, 2021",파충류 인간은? 진짜. 달 착륙 사건은? 가짜! 사람들 몰래 세상에 떠도는 음모론을 관리하는 직원들. 소심한 천재와 사회 부적응자 동료들의 은밀한 하루가 시작된다.
36,36,관음증 그녀,/t/p/w94_and_h141_bestv2/mA0Qx70TI7mubGkUx8ekrYfZFnz.jpg,"1월  1, 2023","뛰어난 재능을 갖춘, 관음증이 있는 해커. 성 노동자로 일하는 이웃이 주말여행을 떠난 뒤, 의도치 않게 위험한 수사에 휘말리고 마는데."
37,37,샤흐마란,/t/p/w94_and_h141_bestv2/1fKsga4dTxTRNFp1ktUWUa7P1Ib.jpg,"1월 20, 2023","객원 강사로 초빙받아 아다나에 오게 된 샤흐수. 이곳에 온 김에, 그녀는 서로 왕래 없이 살아온 외할아버지에게 이것저것 따져 묻고 싶다. 하지만 이내 어느 전설의 한가운데 떨어진 자신을 발견한다."
38,38,"러브, 데스 + 로봇",/t/p/w94_and_h141_bestv2/cRiDlzzZC5lL7fvImuSjs04SUIJ.jpg,"3월 15, 2019","2019년 3월 Netflix에서 방영을 시작한 애니메이션. 미스터리의 세계, 공포의 괴물, 스릴 넘치는 작전, 그리고 코믹한 연기. 세상의 모든 이야기와 장르를 담았다. 18개의 SF 단편 연작으로 구성된 옴니버스 구조로, 매 에피소드마다 다른 감독을 기용해 다양한 화풍과 분위기를 연출한다. 시리즈 전체적으로 로봇이 인간과 동등한 존재, 혹은 초월적인 존재로 그려지며 자연 앞에서 인간중심의 오만함을 버려야 한다는 생태학적 시각이 로봇, 혹은 인공지능으로까지 확장된다. 관습의 전복, 일상과 단절을 화려한 비주얼을 통해 경험해 보자."
39,39,Marvel 퍼니셔,/t/p/w94_and_h141_bestv2/4JmAAUKIjsnqJtEVJ4O6Y8ennn8.jpg,"11월 17, 2017","범죄자들의 손에 가족을 잃은 전직 해병. 그가 세상에 나왔다, 스스로 정의가 되어 악인을 응징하고자. 아무리 거대한 권력이 나서도, 그의 복수를 막을 자, 세상에 없다."
40,40,블랙 미러,/t/p/w94_and_h141_bestv2/ej7Br2B8dkZZBGa6vDE8HqATgU7.jpg,"12월  4, 2011","2011년 12월 Channel 4에서 방영을 시작한 SF 옴니버스 드라마. 만약 기술이 마약이나 마찬가지이고 사용되기도 마약 같이 사용되고 있다면 그에 따른 부작용은 무엇인가? 불안함과 즐거움 사이의 모호한 존재가 바로 블랙 미러다. 검은 거울은 모든 벽과 책상에 있고 모든 사람의 손바닥에 있다: 차갑고 번쩍거리는 텔레비전 화면, 모니터, 스마트폰이 바로 검은 거울이다. 가까운 미래의 첨단 기술이 인간의 욕망을 실현해 주면서 벌어지는 특별한 상황들을 어두운 상상력으로 풀어낸다."
41,41,칼레이도스코프,/t/p/w94_and_h141_bestv2/2nXJoSB5Y6R9ne7pjqL7Cs3zqY1.jpg,"1월  1, 2023","베테랑 도둑이 이끄는 강도단이 70억 달러 상당의 초대형 강도 작전을 감행한다. 하지만 치밀하게 세운 계획은 배신과 탐욕, 각종 위협의 등장으로 궤도를 벗어나기 시작하는데."
42,42,마블 데어데블,/t/p/w94_and_h141_bestv2/4fcJKU6p3ZwbryRyblZXDcBtY0f.jpg,"4월 10, 2015","2015년 4월 Netflix에서 방영을 시작한 드라마. 1990년대 초 맷 머독이라는 아홉 살 소년이 이 길거리에서 어느 노인을 구하려다 눈이 화학물질에 노출되어 시력을 잃게 된다. 대신 다른 감각들이 극도로 발달하게 되고, 그로 인해 고통받다가 스틱이라 불리는 노인에게 감각을 통제하는 방법과 무술을 배우게 된다. 머독은 로스쿨 졸업 후 랜드맨 & 잭 로펌에서 일하다 고향인 뉴욕 헬스 키친에 친우 포기 넬슨과 함께 변호사 사무실을 차리게 되고 낮에는 변호사, 밤에는 슈퍼 히어로 데어데블이 되어 뉴욕 헬스키친의 불의에 맞서 악당과의 고독한 싸움을 계속한다."
43,43,나는 신이다: 신이 배신한 사람들,/t/p/w94_and_h141_bestv2/ujF2mzHVQU5KCPChgOL397t2nsT.jpg,"3월  3, 2023",스스로를 예언자라고 천명한 네 명의 ‘메시아'. 그리고 절대적인 믿음 뒤에 숨겨진 어두운 단면. 대한민국을 뒤흔든 충격적인 실제 사건을 조명한 다큐시리즈.
44,44,라 프리메라 베스,/t/p/w94_and_h141_bestv2/d8kQqwZYcsryQxL8a0luFSLZSdV.jpg,"2월 15, 2023",1970년대 콜롬비아. 남학생뿐인 학교에 등장한 수수께끼의 십 대 소녀. 고정관념과 규칙은 물론이고 여럿의 마음까지 허물어뜨린다.
45,45,격투맨 바키,/t/p/w94_and_h141_bestv2/diySGgcj1xikHU7ACEugcvW88WQ.jpg,"6월 26, 2018",악명 높은 사형수 5명이 탈출한 뒤 도쿄에 집결한다. 이들이 노리는 것은 17살 소년 한마 바키. 지하 투기장의 최강 격투가인 바키는 원치 않는 혈투에 휘말린다.
46,46,기예르모 델토로의 호기심의 방,/t/p/w94_and_h141_bestv2/peLyYUqUYxZHFtmvO6AINjs2FJY.jpg,"10월 25, 2022",숨 막히는 영상미에 등골 서늘한 호러를 더한 기예르모 델토로의 호러 컬렉션. 기괴한 악몽이 펼쳐지는 여덟 편의 이야기를 만나보시라.
47,47,엄브렐러 아카데미,/t/p/w94_and_h141_bestv2/UBhjjSojL8z2ThtitnyWaKM8nq.jpg,"2월 15, 2019","초능력을 가진 남매들이 아버지의 장례식에서 다시 모인다. 그들 앞에 드러나는 가족의 비밀과 인류의 미래. 종말을 막아야 한다. 애증을 접고, 모두 손을 잡아라."
48,48,오자크,/t/p/w94_and_h141_bestv2/foEJkjDiORCDj8afsSmzqq04rBE.jpg,"7월 21, 2017","시카고의 잘나가는 재무 컨설턴트 마티는 가족과 함께 미주리 주 오자크로 이사한다. 목적은 하나, 파트너가 횡령한 마약 조직의 돈 5억 달러를 돈세탁하는 것."
49,49,사이버펑크: 엣지러너,/t/p/w94_and_h141_bestv2/5GrYF4dzKqlG8qcABlBC93zY7ny.jpg,"9월 13, 2022","부패와 사이보그 임플란트로 가득한 디스토피아 세상. 재능은 넘치지만 무모한 길거리 소년이 무법의 용병, 엣지러너가 되기 위해 사투를 벌인다."
50,50,더 크라운,/t/p/w94_and_h141_bestv2/5qCMNVE5iIGiGnmkNqJGYMdTcqE.jpg,"11월  4, 2016","2016년 11월 Netflix에서 방영을 시작한 대하 드라마. 영국 엘리자베스 2세의 재위 중 펼쳐진 정치적 투기와 로맨스, 그리고 20세기 후반 세계의 지각을 형성한 사건들을 엮어낸 드라마. 제2차 세계대전 후 대영제국의 해는 저물고 전쟁의 상흔을 이겨내고자 고군분투하던 영국. 그 중심에 선 한 여인이 욕망이 아닌 순전히 의무에 의해 왕위에 오르는데..."
51,51,소닉 프라임,/t/p/w94_and_h141_bestv2/lMqruIEov5PSA7eu8mF0I4IiKda.jpg,"12월 15, 2022",소닉과 닥터 에그맨의 격돌로 산산이 조각난 우주. 이제 소닉은 여러 평행 차원을 질주하며 친구들과 다시 만나고 세상을 구해야 한다.
52,52,파우다: 혼돈,/t/p/w94_and_h141_bestv2/iTZX0noHJMYLhNHNj7r97mm9Zi.jpg,"2월 15, 2015",이스라엘 방위군의 요원 도론. 손수 제거하고 마음 편히 퇴직까지 하게 만든 하마스의 핵심 멤버가 살아 있다! 놈을 잡을 절호의 기회를 놓치지 않고 그가 복귀하면서 숨 가쁜 접전이 펼쳐진다. 피와 보복의 대혼돈이.
53,53,겐간 아슈라,/t/p/w94_and_h141_bestv2/u6MpSEaUlDEv7KCn49aHhtTQ43L.jpg,"7월 31, 2019",기업 간의 분쟁을 맨몸의 승부로 해결한다. 그 비밀스러운 세계로 들어간 도키타 오마. 하지만 그가 원하는 건 돈이 아니다. 단지 싸우고 싶을 뿐. 그는 승리를 갈망한다.
54,54,검은 욕망,/t/p/w94_and_h141_bestv2/qh4Br7iLf0SAYnF4mqE1PjUXTra.jpg,"7월 15, 2020","교수로, 판사의 아내로, 완벽한 삶을 꾸려온 여인. 어느 주말, 그녀의 일상이 흔들리기 시작한다. 하룻밤의 일탈로 끝날 줄 알았던 부정, 그리고 갑작스러운 의문의 죽음. 보이지 않는 수면 아래, 그곳엔 어떤 진실이 감춰져 있나."
55,55,더 리크루트,/t/p/w94_and_h141_bestv2/mLbFg0u2DPYuB5CILzwWk3kdI8b.jpg,"12월 16, 2022",CIA의 신출내기 변호사가 위험천만한 스파이의 세계에 휘말린다. 한때 CIA와 협력했던 자가 조직의 비밀을 밝히겠다고 협박했기 때문인데...
56,56,90년대쇼,/t/p/w94_and_h141_bestv2/nZcufEuqZqNYMx6mNjlh2rmjDqx.jpg,"1월 19, 2023","손녀 레이아가 위스콘신에서 여름을 보내기로 하면서, 키티 포먼과 레드 포먼은 차세대 10대들에게 지하실을 내준다."
57,57,나르코스,/t/p/w94_and_h141_bestv2/uAofYGxO3pPWpwhUfRzkXGuMjvj.jpg,"8월 28, 2015","2015년 8월 Netflix에서 방영을 시작한 범죄수사물.  콜롬비아의 에스코바르와 로스 페페스는 세계 최대의 마약 제국을 건설하고 미국의 공공의 적이 된다. 그리고 이들을 잡기 위해 미국 마약단속국 DEA 요원 스티븐 머피와 하비에르 페냐가 작전에 투입된다. 카르텔과 양국 정부의 피비린내 나는 전쟁, 이것은 실화다."
58,58,Machos alfa,/t/p/w94_and_h141_bestv2/gFUIwwEH8MBrQ3d2QpSGGDEZiKP.jpg,"12월 30, 2022",정보 없음
59,59,지정생존자,/t/p/w94_and_h141_bestv2/yv0cn62T6lJL9HGqwIyKuoiUTu5.jpg,"9월 21, 2016",무자비한 폭탄 테러로 삽시간에 아수라장이 된 워싱턴. 주목받지 못하던 장관 톰 커크먼이 혼돈의 정부를 책임지고 나아가는 수밖에 없다. 사상 최악의 위기에 빠진 미합중국을 무사히 이끌어야 할 막중한 책임이 그에게 주어진다.
60,60,로맨틱 킬러,/t/p/w94_and_h141_bestv2/kErYzkgelIHQMxLFGnnvlMVJnTE.jpg,"10월 27, 2022",연애와 완전히 담을 쌓은 채 최고의 솔로 라이프를 만끽하는 안즈. 하지만 인연을 맺어주는 마법사 요정이 나타나 안즈의 일상을 흔해 빠진 로맨틱 코미디로 바꾸어 놓는다.
61,61,오렌지 이즈 더 뉴 블랙,/t/p/w94_and_h141_bestv2/ekaa7YjGPTkFLcPhwWXTnARuCEU.jpg,"7월 11, 2013",2013년 7월 Netflix에서 방영을 시작한 감옥 드라마. 파이퍼 커먼이 자신의 여성 교도소에서의 경험을 쓴 회고록 Orange Is the New Black: My Year in a Women's Prison을 원작으로 한다. 뉴욕에 살던 파이퍼 채프먼(테일러 실링)은 유대인 약혼자를 둔 평범한 뉴욕 시민이었다. 그러나 어느 날 과거 자신의 애인 알렉스(로라 프리폰) 때문에 마약을 운반했던 전력이 누군가의 밀고로 인해 드러나면서 15개월 간의 징역살이를 하게 된다. 그리고 파이퍼는 그 감옥 안에서 과거 자신의 연인이자 감옥으로 오게 된 원인인 알렉스와 재회하게 되는데...
62,62,เป็นต่อ,/t/p/w94_and_h141_bestv2/3pCGtGxRjxY9ZBfoCVh3gLhc5Fy.jpg,"10월  7, 2004",정보 없음
63,63,바쿠간 배틀 플래닛,/t/p/w94_and_h141_bestv2/g89Q4S4QQXTSClE8vva5LaxMIHz.jpg,"12월 23, 2018","주인공이 신비의 행성이 지구에 충돌했었던 장소에서 용의 모습을 한 바쿠간을 만나게 되고, 함께 각지에서 일어나는 사건들을 해결해나가는 이야기를 그린 애니메이션"
64,64,F1: 본능의 질주,/t/p/w94_and_h141_bestv2/bTvsFzYK4ZdbcAIPSEJ3i8uLHSh.jpg,"3월  8, 2019","2019년 3월 Netflix에서 방영을 시작한 다큐멘터리. 가장 빠른 자가 살아남는 세계, 포뮬러 원. 그 화려한 트랙 안팎의 치열한 풍경이 모습을 드러낸다. 최첨단 자동차, 최고의 속도, 화려한 테크닉. 이 모든 것은 그저 일부일 뿐이다. 1년 내내 전 세계에서 개최되는 레이스를 따라 서킷 안팎을 질주하는 드라이버와 팀원들. 위험한 경주에 도전하는 드라이버들과 그들 뒤에 있는 팀원 및 가족들의 모습까지, 이제껏 본 적 없는 서킷 뒤의 모습을 독점 공개한다. 지금부터 포뮬러 원의 진짜 경주가 공개된다."
65,65,루머의 루머의 루머,/t/p/w94_and_h141_bestv2/eDGB58IxMZsQ6F7cpr8IbgUuqk6.jpg,"3월 31, 2017","친구의 비극적인 자살 후, 미스터리한 일들이 연이어 일어난다. 가슴 아픈 사건들의 중심에 서는 클레이 젠슨. 고등학생이 감당하기에는 너무 힘겨운 시간을 보낸다."
66,66,외모지상주의,/t/p/w94_and_h141_bestv2/pPMQ3lqLrQiCDGlGsbjQ2rc2ZWu.jpg,"12월  8, 2022","외모지상주의가 팽배한 사회에서, 못생겼다고 따돌림을 받던 한 고등학생. 어느 날부터 정반대의 외모를 가진 두 신체를 번갈아 사용하게 되며 이중생활을 시작한다."
67,67,빅 마우스,/t/p/w94_and_h141_bestv2/dW3LxhCQyHWFzDB8vDtABvintET.jpg,"9월 29, 2017","오, 놀랍고 위대한 사춘기여! 10대들의 삶을 완전히 뒤흔드는구나! 닉 크롤과 앤드루 골드버그 콤비가 사이좋게 만들었다, 재기발랄 사춘기 예찬 코미디."
68,68,브리저튼,/t/p/w94_and_h141_bestv2/a80pxtZrNSyqrME9rmFC6sZevZ7.jpg,"12월 25, 2020",진실한 애정과 끈끈한 유대로 맺어진 브리저튼 가문의 8남매. 그들이 런던의 상류사회에서 사랑과 행복을 향한 여정을 떠난다.
69,69,한마 바키,/t/p/w94_and_h141_bestv2/25NjkIfnbtINhr3FW9TMJ8FSVUM.jpg,"9월 30, 2021","지상 최강의 생명체인 아버지를 쓰러뜨려야 하는 숙명을 타고난 남자, 한마 바키. 사상 초유의 부자 대결을 앞두고, 미국 최강의 죄수 미스터 언체인과 싸우기 위해 제 발로 교도소에 들어간다."
70,70,나르코스: 멕시코,/t/p/w94_and_h141_bestv2/zAYKQ2hi9bUhJhgFN5dse7ovMhQ.jpg,"11월 16, 2018",세상을 지배하려는 멕시코 마약왕. 누가 검은 야욕을 막을 것인가. 부패한 권력? 무너진 정의? 세상을 지키려는 신념으로 뭉친 미국 마약단속국 요원이 그를 뒤쫓는다.
71,71,라그나로크,/t/p/w94_and_h141_bestv2/1LRLLWGvs5sZdTzuMqLEahb88Pc.jpg,"1월 31, 2020","노르웨이의 작은 마을에 이상한 일들이 일어난다. 따뜻한 겨울과 엄청난 폭우. 또 다른 종말이, 라그나로크가 다가오는 걸까. 너무 늦기 전에, 누군가 막아야만 한다."
72,72,사브리나의 오싹한 모험,/t/p/w94_and_h141_bestv2/p3X4ws2oGdawxl4Xhqg16nN7jB2.jpg,"10월 26, 2018","평범한 10대 소녀와 마법을 부리는 마녀. 둘 중 어느 쪽이 더 좋을까? 반은 인간이고 반은 마녀인 사브리나. 이제 그녀의 선택에 따라, 완전히 새로운 인생이 시작된다."
73,73,바이오하자드: 더 시리즈,/t/p/w94_and_h141_bestv2/rmLvn4w4HMdxobPkjmIqrhJiXDO.jpg,"7월 14, 2022","T-바이러스가 발견된 지 거의 30년이 된 지금, 바이러스의 창궐로 엄브렐라 코퍼레이션의 사악한 음모가 드러난다. 바이러스 감염으로 세계적인 대재앙이 일어난 지 몇 년 후, 제이드 웨스커는 맹세한다. 감염자들에 맞서 생존 투쟁을 하면서, 이 모든 것의 원인이 된 자들을 쓰러뜨리겠다고."
74,74,어쩌다 대선 후보,/t/p/w94_and_h141_bestv2/ctc1hXhtXl986feByqbhBPbPshF.jpg,"1월 20, 2023","파리 외곽 주민 센터의 청소년 지도사가 프랑스 대통령 선거 결선에 오르는데. 자, 프랑스는 과연 사상 최초의 흑인 대통령을 맞을 준비가 되어 있을까?"
75,75,아케인,/t/p/w94_and_h141_bestv2/fqldf2t8ztc9aiwn3k6mlX3tvRT.jpg,"11월  6, 2021","2021년 11월 Netflix에서 방영을 시작한 애니메이션. 라이엇 게임즈의 League of Legends를 원작으로 한다. 지상 도시 필트오버와 그 아래의 지하 도시 자운. 극심하게 반목하는 두 쌍둥이 도시에서, 두 자매가 서로 반대편에 서서 싸우기에 이른다. 마법 기술과 신념의 충돌 속에서 전쟁이 시작된다."
76,76,"에밀리, 파리에 가다",/t/p/w94_and_h141_bestv2/qYGIf2QAhSIa5Xbf72QvLtte2e8.jpg,"10월  2, 2020","봉주르, 파리! 낭만의 도시에서 꿈의 직장을 갖게 된 에밀리. 프랑스어는 못하지만, 마케팅이라면 자신 있다. 그러나 쉽지 않은 인생. 사랑과 우정은 여기서도 복잡하다."
77,77,지옥,/t/p/w94_and_h141_bestv2/sgTu75c5PJsRHDMSna0ha8bhYWn.jpg,"11월 19, 2021","어느 날 기이한 존재로부터 지옥행을 선고받은 사람들. 지옥으로부터의 고지를 받은 자는 어김 없이 예정된 시간에 지옥의 사자들에게 끌려가는 일이 서울 한복판에서 모두가 지켜보는 가운데 일어난다. 충격과 두려움에 휩싸인 도시에 대혼란의 시대가 도래한 가운데, 신흥 종교 단체 새진리회의 의장 정진수는 이것이 진정으로 현실 세계에서 일어나고 있는 신의 집행임을 사람들에게 설파한다. 한편 일부는 새진리회에 맞서 싸우며 사건의 실체를 밝히려 한다."
78,78,투 핫! 독일,/t/p/w94_and_h141_bestv2/ffw52OgJiryYR7XiuEGPGOl9g1z.jpg,"2월 28, 2023",열대 낙원에 모인 10명의 근사한 싱글들. 20만 유로나 되는 상금을 거머쥐고 싶다고? 그렇다면 섹스는 완전히 포기하라!
79,79,크라임 씬: 텍사스 킬링 필드,/t/p/w94_and_h141_bestv2/h3WOQ5IxMaIIjiNO7Kb7em9ndRc.jpg,"11월 29, 2022",수십 년에 걸쳐 끔찍한 살인 사건이 연달아 일어났다. 그 해답을 찾으려는 유족들. 풀이 무성한 벌판과 고속도로가 길게 이어진 이곳에 그 답이 있다.
80,80,컵헤드 쇼!,/t/p/w94_and_h141_bestv2/l6nGUyxKCi7ODvyfc8qQShliVEd.jpg,"2월 18, 2022","말썽 가득한 모험을 즐기고 싶어? 어디로 튈지 모르는 컵헤드와 귀 얇은 머그맨, 이 두 형제를 따라와! 인기 비디오 게임이 원작인 애니메이션 시리즈."
81,81,플레이리스트,/t/p/w94_and_h141_bestv2/h8uwJF6ZCtujtDyvg8pcNdMe11B.jpg,"10월 13, 2022",스웨덴의 젊은 IT 사업가와 그의 파트너들. 합법적인 음원 스트리밍 플랫폼을 만들어 음악 산업계에 혁신적인 지각변동을 일으킨다. 그 실화를 바탕으로 만든 픽션 시리즈.
82,82,"28일, 유령의 집에서",/t/p/w94_and_h141_bestv2/AqcHMbvN4lkYUXKNalOxOFe025K.jpg,"10월 21, 2022",에드와 로레인 워런 부부의 가설에서 출발한 초자연 현상 실험. 미국에서 유령이 많이 나오기로 손꼽히는 장소로 각기 파견된 세 팀이 28일간 고립된 생활을 시작한다.
83,83,페이트: 윙스의 전설,/t/p/w94_and_h141_bestv2/pJDHmxahzldWiMlxRvlJGYT9e0F.jpg,"1월 22, 2021","마법 기숙학교 알피아에 모인 10대들. 마법의 힘을 다스리고 제어하고자, 그들은 나아간다. 의심과 회의에 흔들리면서도, 경쟁과 사랑에 휩쓸리면서도, 멈추지 않는다."
84,84,얼터드 카본,/t/p/w94_and_h141_bestv2/y6hhnILQMApgkIXYwi1vKsV7nbF.jpg,"2월  2, 2018","2018년 2월 Netflix에서 방영을 시작한 SF물. 리처드 K.모건의 동명의 소설을 원작으로 한다. 반정부 무장세력인 엔보이의 일원이었던 타케시 코바치는 체포되어 육체에서 저장소를 빼내는 의식보류형을 받는다. 250년 후, 막강한 영향력을 가진 뱅크로프트가 자살한 채 발견되는 사건이 벌어지고, 부활한 뱅크로프트는 자신이 자살했을 리가 없다며 타케시에게 엄청난 댓가와 완전 사면을 보수로 자신의 죽음의 미스테리를 풀어달라고 한다. 타케시는 자신의 과거와 자신을 불신하는 경찰, 뒷세계의 범죄자들과 상대하며 뱅크로프트의 죽음의 진상에 다가간다."
85,85,로스트 인 스페이스,/t/p/w94_and_h141_bestv2/wsHq1FmIBeSpzdhXxE8wRTC4xUe.jpg,"4월 13, 2018",지구보다 나은 삶을 향해 우주로 떠난 로빈슨 가족. 이주지로 향하던 도중 불시착하고 만다. 모든 것이 수상한 미지의 행성. 매 순간 새로운 위험에서 살아남아라!
86,86,섀도우 앤 본,/t/p/w94_and_h141_bestv2/v0qsqqLINgn4HDE1wxh8q9RkeBU.jpg,"4월 23, 2021","암흑의 시대, 둘로 나뉜 세상. 그곳에 마법의 힘을 지닌 소녀 병사가 나타난다. 어둠의 세력과 그 음모에 맞서, 그녀는 세상을 통일할 수 있을까. 빛을 가져올 수 있을까."
87,87,오드볼,/t/p/w94_and_h141_bestv2/cCJ60PDEXgavJ1vxWAjW1PMuZd6.jpg,"10월  7, 2022",동글동글 비눗방울 모양의 제임스는 이 세상 성가신 모든 것들에 의문을 품는다. 그런 성격 덕분에 두 절친과 함께하는 일상은 언제나 엉뚱한 모험으로 가득.
88,88,스카이 로호,/t/p/w94_and_h141_bestv2/lMJp1lqn6JA4uxIzsBQ79Pub5rv.jpg,"3월 19, 2021",각자 사연을 안고 매춘 클럽에서 일하는 세 여자. 우발적인 몸싸움 끝에 포주에게 치명상을 입히면서 무지막지한 도주를 시작한다. 놈의 수하들을 피해 끝까지 달려라. 이 고비만 넘기면 과거에서 벗어나 자유와 새 인생을 거머쥘 수 있으니.
89,89,끝까지 살아남아라,/t/p/w94_and_h141_bestv2/jr7GxQpohdJ67IPedXIO7rN1dMv.jpg,"3월 10, 2023","극한의 알래스카 야생 환경. 16명의 서바이벌 참가자가 거액의 상금을 손에 넣기 위해 경쟁을 벌인다. 단, 이 외톨이 늑대들은 반드시 팀의 일원이 되어야만 승리할 수 있다."
90,90,반항아들,/t/p/w94_and_h141_bestv2/pEbiwD7kChJRS93YuG7Wbfiiw4R.jpg,"1월  5, 2022",새로운 학기가 시작된 엘리트 웨이 스쿨. 학교의 공공연한 적이자 비밀 클럽인 '로히아'가 움직임을 개시한다. 1학년 새내기들의 음악을 향한 꿈과 희망을 짓밟고자.
91,91,엄마는 둘밖에 없지,/t/p/w94_and_h141_bestv2/tQhQPIO85lIEbodo9qkGrWVNg0r.jpg,"1월 20, 2021","같은 날, 같은 병원에서 분만한 두 산모. 아기와의 행복한 일상에 젖어있던 이들에게 아기가 바뀌었다는 소식이 날아든다. 그렇다고 서로에게 아기를 돌려줄(?) 수도, 떨어져 살 수도 없다는 이들. 그럼 다 같이 사는 수밖에!"
92,92,하우스 오브 카드,/t/p/w94_and_h141_bestv2/hKWxWjFwnMvkWQawbhvC0Y7ygQ8.jpg,"2월  1, 2013",2013년 2월 Netflix에서 방영을 시작한 정치 스릴러. 마이클 돕스의 동명의 소설  및 BBC에서 방영된 동명의 미니시리즈를 원작으로 한다. 2013년 대선 직후의 워싱턴 D.C. 민주당의 하원 원내총무인 프랭크 언더우드는 경력 25년의 노련한 정치인으로써 현 대통령을 만든 킹 메이커 역할을 완벽하게 수행했다. 그 대가로 국무장관을 약속 받았지만 임명을 받지 못해 복수를 다짐하는데...
93,93,디스인챈트,/t/p/w94_and_h141_bestv2/yDETGglhrzdNoDoUBdMVREixcyV.jpg,"8월 17, 2018","무너져 가는 중세 왕국 드림랜드. 스스로 운명을 개척하고 싶은 술고래 공주 빈은 거침없는 성격의 엘포, 말썽쟁이 악마 루시를 친구 삼아 모험을 떠난다. 억세게 운 나쁜 삼총사는 이 여정에서 거인, 장난꾸러기 요정, 하르피아이, 작은 도깨비, 트롤, 바다코끼리, 수많은 얼간이 인간들을 마주치는데..."
94,94,그녀의 이름은 난노,/t/p/w94_and_h141_bestv2/7s1VshVFh7zbN5pcBJRXvcxF04l.jpg,"10월 27, 2018","침묵하고 복종하면 폭력의 제물이 될 뿐이다. 허울 좋은 학교, 그곳의 비밀과 거짓말을 폭로하는 난노. 이 도도하고 영악한 소녀가 어둠 속 세상의 진짜 모습을 드러낸다."
95,95,쿵푸팬더: 용의 기사,/t/p/w94_and_h141_bestv2/fu4sl64jRJlCadjc1VnkqBC4Xi8.jpg,"7월 14, 2022",모두에게 사랑받는 쿵푸팬더 포가 중국에서 느긋하게 식도락을 즐기던 중 마법 무기를 악용했다는 누명을 쓴다. 결백을 증명하기로 마음먹은 포. 지나치게 예의 바르고 참을성이 없는 영국 기사와 손을 잡고 거대한 운명의 모험을 시작한다.
96,96,인티머시,/t/p/w94_and_h141_bestv2/xUJwNJx5f39SgUtOqFIRCvZPeik.jpg,"6월 10, 2022",누군가가 몰래 촬영한 섹스 테이프가 유출됐다. 유력 정치인으로 활동 중인 그녀의 커리어는 이제 어떻게 될 것인가.
97,97,Longmire,/t/p/w94_and_h141_bestv2/yrdt5lscyJ5j5GSbhl99x3SRN66.jpg,"6월  3, 2012",정보 없음
98,98,Diario de un Gigoló,/t/p/w94_and_h141_bestv2/xuqszO6iQXqBsD4kP2xhlBN5ggc.jpg,"9월  7, 2022",정보 없음
99,99,마인드헌터,/t/p/w94_and_h141_bestv2/fbKE87mojpIETWepSbD5Qt741fp.jpg,"10월 13, 2017",단지 미치광이의 소행인가. 무차별 잔혹 범죄가 급증한 1970년대 말. FBI 행동과학부 요원들은 잇달아 발생한 강력 사건 해결을 위해 살인마들과 위험한 대화를 시작한다. FBI 엘리트 요원이 프로파일링 기법을 이용하여 악명 높은 범죄자들을 추적하는 모습을 그린 스릴러 시리즈.
100,100,El cartel de los sapos: El origen,/t/p/w94_and_h141_bestv2/5EDGgVdkH5qNC8tYdImb2QdnhIK.jpg,"7월 28, 2021",정보 없음
101,101,뤼팽,/t/p/w94_and_h141_bestv2/sgxawbFB5Vi5OkPWQLNfl3dvkNJ.jpg,"1월  8, 2021","한 남자가 뼈아픈 배신을 겪은 가족을 위해 복수의 칼을 품는다. 그리고 새로운 전설이 시작된다. 오마르 시 주연으로, 괴도 아르센 뤼팽을 현대적으로 재해석한 작품."
102,102,시간여행자,/t/p/w94_and_h141_bestv2/aUVeyeyTrQrSFuUkqLCT8FtV7pp.jpg,"10월 17, 2016","몇백년 후, 마지막으로 살아남은 인류는 자신들의 의식을 과거로 보낼 수 있는 기술을 개발한다. 21세기 사람들의 의식에 들어간 이 '시간여행자'들은 보통의 삶을 살면서 앞으로 닥쳐올 끔찍한 미래에서 인류를 지키기 위한 미션을 수행한다."
103,103,쥬라기 월드: 백악기 어드벤처,/t/p/w94_and_h141_bestv2/nkCbCmlwjwT6QL44DqG7qE9ch8H.jpg,"9월 18, 2020",세계 최초로 끝내주게 멋진 경험을 하게 될 줄 알았다. 백악기 캠프 1기 참가자로 뽑힌 여섯 명의 십 대. 이들은 곧 공포에 휩싸인다. 최고의 포식자 공룡이 풀려났다!
104,104,마이 리틀 포니: 나만의 마법,/t/p/w94_and_h141_bestv2/jfmQPOHnuARC7YxGYC1vMMph3vp.jpg,"9월 26, 2022","포니 마법으로 가득한 곳, 이퀘스트리아에 온 걸 환영해. 집, 써니, 이지, 핍, 히치는 오늘도 모험을 떠날 참인가 봐. 우리도 함께 가 보자!"
105,105,드래곤 길들이기: 세상 끝으로,/t/p/w94_and_h141_bestv2/8p0raLxaxLeK4g19eXk39RfUrb7.jpg,"6월 26, 2015",《드래곤 길들이기》 제작진이 새롭게 만든 시리즈. 다른 세상이 궁금한 히컵. 투슬리스와 함께 더 넓은 세계로 떠나자. 드래곤과 신나는 모험이 기다리는 그곳으로!
106,106,더 크루: 갱랜드,/t/p/w94_and_h141_bestv2/57RRZblIcSYpcyct6M0HdH7FjXu.jpg,"9월 24, 2021","마약 밀매 조직에 납치된 가족을 구하기 위해 총을 든 베테랑 무장 강도. 소수정예의 크루 멤버들과 함께 그가 뛰어든 곳은, 피로 피를 씻는 마피아 패밀리들의 전장이었다."
107,107,캐슬바니아,/t/p/w94_and_h141_bestv2/ubDtIBwdS9b29sBofAkqWz3PqkT.jpg,"7월  7, 2017",드라큘라에게 포위된 도시. 그가 조종하는 괴수 군단의 공격으로부터 도시를 구하기 위해 한 남자가 전투를 시작한다. 클래식 비디오 게임에서 영감을 받은 시리즈.
108,108,어둠 속의 감시자,/t/p/w94_and_h141_bestv2/6RrseODZo2e66XOzC1XMzMuecnf.jpg,"10월 13, 2022","불길한 편지, 수상한 이웃, 사악한 위협. 한 가족이 꿈에 그리던 집을 찾아 교외로 이사 온다. 그러나 이 집에서 그들이 마주한 것은 악몽 그 자체인데."
109,109,워리어 넌: 신의 뜻대로,/t/p/w94_and_h141_bestv2/yglI2FQzq19hFy5imhhjONhxkVf.jpg,"7월  2, 2020",어떤 운명이 그녀를 기다리는 걸까. 새로운 생명과 신비한 힘을 얻은 고아 소녀. 헤일로의 운반자로 선택된 그녀가 천년의 비밀을 간직한 수녀들과 함께 악마에게 맞선다.
110,110,레모니 스니켓의 위험한 대결,/t/p/w94_and_h141_bestv2/g7GgbCSNgeEg5etQhfNDTkICctM.jpg,"1월 13, 2017","넷플릭스 오리지널 시리즈로 새롭게 태어난 세계적인 베스트셀러 [레모니 스니켓의 위험한 대결]. 갑작스런 화재로 부모님을 잃게 된 보들레어가의 세 남매 바이올렛, 클로스, 써니의 파란만장한 일대기를 그린다. 부주의한 실수로 인해 어딘가 수상쩍어 보이는 먼 친척 올라프 백작에게 맡겨지게 된 보들레어가 세 남매. 알고보니 올라프 백작은 세 남매의 유산을 가로채려는 검은 속내를 지니고 있는 사악한 인물이다. 올라프 백작의 각종 계략이 실패로 돌아가고 사악한 속내가 밝혀지게 되지만 그는 포기하지 않고 각종 이상한 변장으로 아이들과 다른 후견인들 앞에 나타나 끊임없이 괴롭힌다. 보들레어 세 남매는 올라프 백작의 온갖 권모술수의 위협을 피하는 한편 부모님의 죽음을 둘러싼 숨겨진 비밀의 단서를 찾게 된다."
111,111,산토,/t/p/w94_and_h141_bestv2/nQszDXGfiM0FLZ1ZQ1M5vkpv9OT.jpg,"9월 16, 2022",대서양을 사이에 둔 두 명의 경찰이 이제껏 한 번도 얼굴을 드러내지 않은 국제 마약상을 쫓기 위해 필사의 추적을 시작한다.
112,112,퀸스 갬빗,/t/p/w94_and_h141_bestv2/vcCx1ngs1FSbMCDgl4TwJViCKXy.jpg,"10월 23, 2020","1950년대 말, 버려져서 켄터키의 한 고아원에 맡겨지는 어린 베스 하먼. 주 정부가 어린이들에게 진정제로 제공하는 진통제에 중독되는 과정에서, 베스는 체스에 대한 놀라운 재능을 발견한다. 자신의 문제들에 시달리면서, 중독성 있는 약물과 강한 집착에 힘입은 베스. 소녀는 남성이 지배하는 프로 체스 세계의 전통적인 경계를 정복하겠다는 의지를 불태우면서, 엄청난 기술을 가진 매력적인 외톨이로 변신한다. 그녀는 인생의 전부인 꿈을 이룰 수 있을까."
113,113,종이의 집: 도쿄에서 베를린까지,/t/p/w94_and_h141_bestv2/lIa5eVVFdVNQmfAlKRexoJCVVd1.jpg,"9월  3, 2021","도쿄, 교수 등 <종이의 집>의 캐릭터를 연기한 배우들과 제작진이 비하인드 스토리를 공개한다. 이들은 어떤 감정을 담아 연기하고, 또 어떤 과정을 통해 화제의 시리즈를 탄생시켰을까?"
114,114,"오, 발레리아",/t/p/w94_and_h141_bestv2/bY2RNQmuQI3f1qGJ5xSNOEza9Pp.jpg,"5월  8, 2020","결혼하면 연애 세포는 죽어 마땅할까. 뜨겁게 사랑하고 치열하게 일하고 싶은 그녀, 그런데 현실은... 소설도 사랑도 꽉 막혔다. 유일한 위로는 든든한 친구들뿐. 하지만 인생, 이제 겨우 도입부인걸. 클라이맥스가 다가온다!"
115,115,웰컴 투 에덴,/t/p/w94_and_h141_bestv2/iZSmq8iOupIIirR7rsvLqp5Ghi2.jpg,"5월  6, 2022","당신은 행복한가?  이 질문을 통해 소아, 그리고 소셜 미디어를 활발하게 사용하는 매력적인 젊은 남녀 넷이 역사상 가장 특별한 파티에 초대받는다. 새로운 음료 브랜드가 비밀의 섬에서 마련한 이 파티는 흥미진진한 모험으로 출발해 이내 삶의 여행으로 바뀐다. 하지만 낙원은 겉으로 보이는 것과는 다른 곳...  에덴에 오신 것을 환영합니다."
116,116,하트스토퍼,/t/p/w94_and_h141_bestv2/wJJt1HG62h3WoGnLcRIbO2nNNkg.jpg,"4월 22, 2022",학교에서 만나 친구가 된 찰리와 닉. 우정인 줄만 알았는데 둘 사이에 그 이상의 감정이 싹튼다. 10대들의 학교생활과 풋풋한 사랑을 다룬 성장 드라마 시리즈.
117,117,집시,/t/p/w94_and_h141_bestv2/dNiI4TdbTb9Mc8ACKQnW9gHCxGZ.jpg,"6월 30, 2017",비밀을 간직한 상담 치료사 진 홀러웨이. 그녀는 환자들의 삶에 존재하는 이들을 찾아가 친밀하면서도 위험한 관계를 맺곤 한다. 위태로운 긴장이 부글거리는 심리 스릴러.
118,118,킹덤,/t/p/w94_and_h141_bestv2/zXfQcdTx0jxbH5Atpwjvb5z5VjE.jpg,"1월 25, 2019","2019년 1월 Netflix에서 방영을 시작한 좀비물. 병든 왕을 둘러싸고 흉흉한 소문이 떠돈다. 왕에게 이상한 일이 벌어지고 있다는 걸 알게 된 왕세자 이창이 왕을 진료한 의원을 찾아 나선다. 어둠에 뒤덮인 조선, 기이한 역병에 신음하는 산하. 동래 지휼현에 왔다가 역병의 실체를 보게 되고, 호위무사인 무영과 함께 이 병이 전국적으로 퍼져나가는 걸 막기 위해 싸운다. 정체 모를 악에 맞서 백성을 구원할 희망은 오직 세자뿐인데..."
119,119,더 모스트 뷰티풀 플라워,/t/p/w94_and_h141_bestv2/oIiDdWpR0zsFgdzzgVjEDZ8xrsl.jpg,"12월  7, 2022","통통한 몸매, 곱슬곱슬한 머리카락 그리고 무엇보다 넘치는 자신감을 지닌 미치. 스스로 끝내주게 멋지다고 믿고 있다. 다만 소치 고등학교의 다른 모든 이들을 설득하는 일이 남았을 뿐."
120,120,컨트롤 Z,/t/p/w94_and_h141_bestv2/6sDFqQ2mflrxz3n1wgJQxRODiOd.jpg,"5월 22, 2020",어느 날 전교생 앞에서 폭로된 한 여고생의 비밀. 하지만 이것은 시작에 불과했다. 학생들을 이간질하고 협박해 비밀을 하나둘 까발리려 하는 정체불명의 해커. 제멋대로 날뛰는 그의 정체를 밝히려 한 아웃사이더가 나선다.
121,121,스위트 투스: 사슴뿔을 가진 소년,/t/p/w94_and_h141_bestv2/zIzynKFGLUpCAj3h0zahSL6nZ3M.jpg,"6월  4, 2021","반은 인간이고 반은 사슴. 하지만 너무도 사랑스러운 소년. 그 아이가 종말 이후의 세상을 가로질러 위험한 모험을 시작한다. 퉁명스러운 보호자와 함께, 어딘가 있을 새로운 시작을 찾아."
122,122,채울 수 없는,/t/p/w94_and_h141_bestv2/diN0c6j4mkvk4xuiTpQoZ50f5Lo.jpg,"8월 10, 2018","굴욕적인 날들이여, 이젠 안녕! 180도 달라진 외모로 미인 대회에 도전하는 패티. 그녀의 목적은 오직 복수! 패티의 코치도, 그녀의 불타오르는 분노를 막을 순 없다."
123,123,센스8,/t/p/w94_and_h141_bestv2/kmyvlQ9QKzgdZY31rXaUlgCnzrB.jpg,"6월  5, 2015","한발의 총성, 하나의 죽음, 한 순간의 시간이 여덟명의 마음을 단절된 세상 속에서 하나로 단단히 연결했다. 그들 스스로가 서로의 삶속에 투영되어 서로의 비밀을 공유하고, 상상할수 없는 고난을 겪으며 평범했던 사람들은 결국 ""센세이트""로 다시 태어났다."
124,124,못 말리는 패밀리,/t/p/w94_and_h141_bestv2/qMzwO952hMWQSCfHkp7IL20s4K7.jpg,"11월  2, 2003",못 말리는 가족들이 함께 가업을 잇고자 고군분투하는 모습을 코믹하게 그려낸 가족 코미디
125,125,라나 나이두,/t/p/w94_and_h141_bestv2/4kUF7cO76W4vEx70KVfwmju6Vud.jpg,"3월 10, 2023",발리우드에서 어떤 문제가 생기든 라나 나이두가 해결 못 할 일은 없다. 그런데 갑작스럽게 출소한 아버지로 인해 골칫거리가 발생하고 천하의 해결사도 어쩌지 못할 난맥상이 펼쳐진다.
126,126,철권: 블러드라인,/t/p/w94_and_h141_bestv2/8qxgGbffZh2UmmFsqLykGKfNPRU.jpg,"8월 18, 2022","어릴 때 어머니로부터 가문의 호신술인 '카자마류 고무술'을 배운 카자마 진. 그럼에도 불구하고 그는 가공할 악이 갑자기 나타나자 무력했다. 그 결과, 소중한 모든 것이 파괴당해 삶이 영원히 바뀐 진. 아무것도 막지 못한 자신에게 화가 난 진은 복수를 다짐하고, 이를 위한 절대적인 힘을 추구한다. 그 여정은 세계 무대에서 펼쳐지는 궁극의 배틀인 킹 오브 아이언 피스트 토너먼트로 이어진다."
127,127,그랜드 아미,/t/p/w94_and_h141_bestv2/muCLCLA9RiYsVhk7pjzcbShsUYq.jpg,"10월 16, 2020",우린 여기서 벗어날 수 있을까. 브루클린에서 가장 큰 공립 고등학교. 전쟁터나 다름없는 이곳에서 다섯 아이들이 세상과 맞선다. 더 나은 미래를 바라도 되는 거잖아?
128,128,트롤헌터: 아카디아의 전설,/t/p/w94_and_h141_bestv2/j9hpaAuy3AVw1Zpj2k9V6eAix3b.jpg,"12월 23, 2016",스토리텔링의 귀재 기예르모 델 토로의 판타지 소설이 애니메이션으로 찾아왔다. 평범한 소년이 마을 지하에 존재하는 놀라운 몬스터의 세계를 발견하며 펼쳐지는 이야기.
129,129,세인트 세이야: 12궁의 기사단,/t/p/w94_and_h141_bestv2/yzfjuIkWzO0ImMEgg9fMHDzR3JP.jpg,"7월 19, 2019","아테나 여신이 수백 년 만에 부활한다. 그녀를 지키기 위해 모인 12궁의 기사단. 하지만 불길한 예언이 세상에 떠돌자, 전사들은 이에 맞서 힘겨운 싸움을 시작한다."
130,130,원피스,/t/p/w94_and_h141_bestv2/uf3015BV7eHsjRhEWeRySHB6y5L.jpg,정보 없음,"해적 중의 해적을 꿈꾸며, 보물 중의 보물을 찾아 떠나는 소년의 모험. 오랫동안 사랑받은 오다 에이이치로의 베스트셀러 일본 만화가 실사 시리즈로 재탄생한다."
131,131,마블 제시카 존스,/t/p/w94_and_h141_bestv2/ArPTn8ltbf4gcfTYlhXU0K6hQBF.jpg,"11월 20, 2015","2015년 11월  Netflix에서 방영을 시작한 드라마. 어린 시절 가족과 차를 타고 가던 제시카 존스는 화학물질을 싣고 가던 트럭과 충돌하여 가족은 모두 죽고 자신은 괴력과 부상 회복능력을 지니게 된다. 시간이 흘러 뉴욕에서 사립 탐정으로 활동하던 제시카 존스는 우연히 마인드 컨트롤 능력을 통해 자신을 이용해 범죄를 저지르던 남자, 킬그레이브가 살아있다는 것을 알게 된다. 자신이 처치한  줄 알았던 킬그레이브가 살이 있는 걸 알게 된 제시카 존스는 멀리 도망치려는 마음을 접고 그녀의 인생을 파괴한 킬그레이브와 승부를 보기로 결정한다."
132,132,에덴,/t/p/w94_and_h141_bestv2/z0KzC5YgYssfa6cqNRkN4MrSkIq.jpg,"5월 27, 2021",인류가 사라진 유토피아에 푸른 자연이 넘실댄다. 그곳에서 로봇들이 은밀하게 키운 인간 소녀. 그 소중한 아이가 위험한 길을 떠나려 한다. 낙원 뒤에 숨은 어두운 비밀을 파헤치기 위해.
133,133,예감,/t/p/w94_and_h141_bestv2/jHV0cRQQSBi2juHsvhOOosKHGJ8.jpg,"4월 20, 2022",아내를 살해한 장기 매매단에 기필코 복수하겠다는 의지를 불태우는 한 남자. 그는 아내의 심장을 이식받은 여자와 인연을 맺게 된다.
134,134,레인,/t/p/w94_and_h141_bestv2/qGNfbDHjHN4zDZQlQiByPhU5oAr.jpg,"5월  4, 2018",언제까지 기다릴 것인가. 치명적 바이러스가 세상을 휩쓴 지 6년. 벙커에서 살아남은 남매는 젊은 생존자 무리에 합류한다. 가족을 찾기 위한 위험한 여정의 시작.
135,135,파워 레인저,/t/p/w94_and_h141_bestv2/8lnX8RWeGBdEQPOvf2IKoRtKfZO.jpg,"8월 28, 1993",정보 없음
136,136,네버 해브 아이 에버,/t/p/w94_and_h141_bestv2/mVHy2CbUqtnNYi7v6oOl6fV1Bm6.jpg,"4월 27, 2020","최고로 힘든 한 해를 보냈다. 이제 보상을 좀 받아야겠지? 인도계 미국인 소녀 데비의 반란. 올해는 학교에서 제일 우울한 애에서, 부러운 애로 신분 상승할 테다! 응?"
137,137,바스타드: 암흑의 파괴신,/t/p/w94_and_h141_bestv2/nqqGHIgoTdvBeHaMNwGSj1NT6Uk.jpg,"6월 30, 2022","어둠의 세력이 파괴신 안스라삭스를 부활시키려 하자, 메타 리카나 왕국은 어디로 튈지 모르는 안하무인 마법사에게 도움을 청한다."
138,138,분노의 질주: 스파이 레이서,/t/p/w94_and_h141_bestv2/ejqbIUDbSWlgDeCoKBFGwbFML3N.jpg,"12월 26, 2019","스릴 넘치는 모험은 우리의 것! 뛰어난 운전 실력을 갖춘 토니와 친구들. 정부 기관에 영입돼 스파이 활동을 펼친다. 비밀스러운 임무와 자동차경주, 우리에게 딱 맞는걸?"
139,139,어나더 라이프,/t/p/w94_and_h141_bestv2/tqRWWuMnZ8Vq9bTZmPZPTVNDCTQ.jpg,"7월 25, 2019","거대한 외계 물체가 지구에 착륙한다. 그 물체가 보내는 신호를 따라, 외계 생명체의 흔적을 좇아, 우주로 떠나는 니코와 대원들. 미지의 위험이 그들을 기다리고 있다."
140,140,스위트홈,/t/p/w94_and_h141_bestv2/eNfNu9sJ2eVmMcbrKpgEovPoyB8.jpg,"12월 18, 2020","끔찍한 사고로 가족을 모두 잃은 외톨이 고등학생 현수는 그린 홈이라는 낡은 아파트 단지로 이사한다. 절망에 빠진 그는 점차 그린 홈에 관한 비밀을 깨닫는다. 왜곡된 인간 욕망을 여러 가지 형태로 투영하면서 인류를 몰아내려는 괴물이 그린 홈을 둘러싸고 있으며, 자신을 포함해 그린 홈 주민들은 그 괴물들에 갇혀있다는 사실을."
141,141,하프 배드: 선 & 데빌,/t/p/w94_and_h141_bestv2/lyjF7rKHw0ZIIiuhFB9MUQ7kLnJ.jpg,"10월 28, 2022",전쟁 중인 두 종족 사이에 운명적으로 끼게 된 소년. 끔찍한 학살을 일으킨 악명 높은 마법사의 아들인 그가 세상 속에서 자신의 자리와 능력을 찾으려 한다.
142,142,스마일리,/t/p/w94_and_h141_bestv2/b9EDtDLIVHKpErMpNSREw1KcDOj.jpg,"12월  7, 2022","두 남자와 친구들이 바르셀로나에서 진정한 사랑을 찾아 헤맨다. 망설임과 불안함, 놓쳐 버린 수많은 기회들로 가득한 이곳. 이들은 그토록 바라던 사랑을 만날 수 있을까?"
143,143,마드리드 모던걸,/t/p/w94_and_h141_bestv2/vOaiWhBzT6PPC9AXhBq8VOOzOF1.jpg,"4월 28, 2017",여성이 장식품에 불과하던 1920년대. 통신회사 교환원은 자유와 독립을 상징하는 꿈의 전문직이었다. 모던걸들이 마드리드에서 사랑과 우정의 이야기를 펼친다.
144,144,마블 루크 케이지,/t/p/w94_and_h141_bestv2/quTfV803fGaSADzTeEqCbIZnt9d.jpg,"9월 30, 2016","2016년 9월 Netflix에서 방영을 시작한 드라마. 억울하게 누명을 쓰고 범죄자 신세가 된 루크 케이지는, 스타크 인터내셔널에서 닥터 노아 번스틴이 주도한 세포재생 실험 도중에 일어난 사건 때문에 티타늄에 비견될 만큼 단단한 피부와 괴력을 얻게 된다. 그는 보통의 삶으로 돌아가고 싶어 하지만, 도망자 신세로 자신의 능력을 숨기고 사람들을 피한다. 뉴욕 할렘에서 자기 자신의 결백을 증명하고 삶을 다시 찾기 위해 할렘 지역의 갱단을 비롯한 거대 권력에 맞서며 정의를 바로 세워야만 한다. 싸움을 원하는 건 아니지만 사람들에겐 영웅이 필요하다."
145,145,바바리안,/t/p/w94_and_h141_bestv2/sTg3BKkNueUbNPuIwoFLkxoR8iv.jpg,"10월 23, 2020","숲속 작은 마을에서 함께 자란 세 사람. 영원한 우정을 맹세했던 세 친구가 오랜 세월이 흐른 뒤 운명처럼 다시 만난다. 서기 9년, 게르마니아의 토이토부르크 숲에서. 세계 최고의 군대, 로마 군단의 거대한 병력과 함께."
146,146,영 로열스,/t/p/w94_and_h141_bestv2/8o3agKlXNOIjN2SdCdbjLH48GKk.jpg,"7월  1, 2021",명문 기숙 학교 힐레르스카에서 새로운 삶을 시작하는 스웨덴의 빌헬름 왕자. 하지만 마음이 시키는 대로 산다는 건 그리 쉬운 일이 아니다. 왕실의 의무를 짊어진 왕자라면 더더욱.
147,147,소년심판,/t/p/w94_and_h141_bestv2/sWhB5ufz3hrJQMtxxlQzqjlrv2l.jpg,"2월 25, 2022","소년범을 혐오하는 까칠한 판사가 지방법원 소년부에 부임한다. 복잡다단한 사건들을 다루며, 소년범에 대한 반감, 정의와 형벌에 대한 굳건한 신념 사이에서 균형을 잡아간다. 청소년 범죄율이 가장 높은 법원이라니 이제 법정의 칼바람은 예고된 것일까."
148,148,파이어플라이 레인,/t/p/w94_and_h141_bestv2/vJdhhyideVVOw9nT9kaD4yKD53z.jpg,"2월  3, 2021","어릴 적부터 삶의 모든 순간을 함께해온 두 여자. 숱한 고난을 견딘 그들의 우정에 위기가 찾아온다. 생각지도 못한 배신, 뼈아픈 상처. 그들은 다시 손을 잡을 수 있을까."
149,149,커뮤니티 스쿼드,/t/p/w94_and_h141_bestv2/jffhwRp7gdZKiUDelXQSg0jtT76.jpg,"2월 17, 2023",정보 없음
150,150,데빌 인 오하이오,/t/p/w94_and_h141_bestv2/AsdjYB61U8zVAsEyQgOebAjCoUN.jpg,"9월  2, 2022","정체불명의 사이비 종교 집단을 탈출한 소녀. 정신과 의사는 소녀를 보호하리라 결심했다. 그러나 소녀를 집에 들인 순간, 자신의 가족과 생명이 위협받기 시작했으니."
151,151,마이 네임,/t/p/w94_and_h141_bestv2/ncAKKmr1sfFhQvn6LeGTY2QBge.jpg,"10월 15, 2021",아빠를 잃었다. 그것도 바로 눈앞에서. 남은 딸은 결심한다. 반드시 내 손으로 복수하겠노라고. 목표를 위해서라면 방법은 상관없다. 마약 조직의 언더커버가 되어 경찰에 잠입하는 것이라 해도.
152,152,El marginal,/t/p/w94_and_h141_bestv2/p1GFsUK5nCVHYNtjRxoGyfGdD9C.jpg,"6월  2, 2016",정보 없음
153,153,트레일러 파크 보이즈,/t/p/w94_and_h141_bestv2/nIcIwVTYcZnW1BDzexGfFO7KmX1.jpg,"4월 22, 2001",노바스코샤 트레일러 파크에서 사기 행각을 벌이는 상습 경범죄자들이면서 오랜 친구인 세 명의 남자들이 술에 취해 벌이는 각종 크고 작은 사고에 관한 이야기.
154,154,풀러 하우스,/t/p/w94_and_h141_bestv2/gp9u9KgxQmk5zKBcup5J8cslikd.jpg,"2월 26, 2016",싱글맘인 DJ 태너-풀러의 세 아들 양육을 도우러 한 지붕 아래로 들어온 여동생 스테파니와 친구 키미. 이때부터 바람 잘 날 없는 태너 가족 이야기가 펼쳐진다.
155,155,고요의 바다,/t/p/w94_and_h141_bestv2/syYduNOCirN544TIQcdy0aOyXFp.jpg,"12월 24, 2021",각계 전문가들이 한 팀이 되어 달 탐사선에 오른다. 임무는 폐쇄된 연구기지에서 24시간 안에 중요 샘플을 회수하는 것. 대원들은 비밀에 잠긴 이 위험천만한 기밀 미션을 완수할 수 있을까.
156,156,패러다이스의 경찰들,/t/p/w94_and_h141_bestv2/desSj4kx0y9p61vm9QBE3Wm8GxK.jpg,"8월 31, 2018","패러다이스 경찰서의 열혈 신참 케빈. 동료들은 나사가 빠졌고, 서장은 어딘가 모자란데, 심지어 이 서장이 케빈 아빠? 오합지졸이지만 어쩌겠어, 지금부터 임무 시작이다!"
157,157,우리가 사랑에 빠졌던 모든 시간,/t/p/w94_and_h141_bestv2/8x9n8a83vRbTDDhI7u5QHFPfyjs.jpg,"2월 14, 2023","서로를 만난 이후, 사랑에 빠지고, 헤어지고, 다시 인연을 이어가는 과정을 반복해 온 훌리오와 이레네. 언젠가는 해피엔딩을 맞을 수 있을까?"
158,158,리디아 포에트의 법,/t/p/w94_and_h141_bestv2/nMukXo1oufnu2ehuiFEKFtCZS9T.jpg,"2월 15, 2023",변호사로 활동하기 위해 싸우는 동시에 살인 사건을 조사하는 리디아 포에트의 활약을 흥미진진하게 그린 시대극. 이탈리아 최초 여성 변호사의 실화를 모티브로 한 작품이다.
159,159,텔레토비,/t/p/w94_and_h141_bestv2/fETLDRm3d7ScIZT3Zu09LOUphw3.jpg,"11월 14, 2022","추억의 프로그램을 다채롭고 새롭게 제작한 시리즈. 보라돌이, 뚜비, 나나, 뽀와 함께 신나는 모험을 하며 새로운 것을 배워보세요!"
160,160,로크 앤 키,/t/p/w94_and_h141_bestv2/lKhF0QX724VS2QqBzSZ4KJif3Ny.jpg,"2월  7, 2020","끔찍한 아버지의 죽음을 뒤로하고, 새집으로 이사한 가족. 아버지 가문의 저택에서 기이한 열쇠를 발견한다. 강력한 힘과 비밀을 간직한 열쇠는 이들을 어디로 데려갈까."
161,161,좋아하면 울리는,/t/p/w94_and_h141_bestv2/ncJ7naaHoGabVHB4FriUXP9IW3t.jpg,"8월 22, 2019","누군가 나를 좋아한다. 반경 10m 안에 당신을 좋아하는 그 사람이 나에게 다가오면 알람이 울린다. 마음을 알려주는 앱 ‘좋알람’의 시대, 먹고사는 일이 가장 힘든 소녀 조조에게도 기적 같은 풋풋한 사랑이 찾아온다. 모델 출신 인기남 선오가 전학을 오게 되면서, 조조와 선오는 마음을 확인한다. 조조를 먼저 좋아하기 시작했던 혜영은 한 걸음 물러서지만 조조를 향한 마음을 포기하지 못하는데..."
162,162,퍼스트 킬,/t/p/w94_and_h141_bestv2/hwSy1vVaRzV70ZvAEsl6FGOHNlH.jpg,"6월 10, 2022","10대 소녀 줄리엣과 칼리오페. 둘이 사랑에 빠지는 건 쉽지 않아 보인다. 한 명은 뱀파이어, 다른 하나는 뱀파이어 사냥꾼이니까. 게다가 둘 다 첫 사냥을 치러야 하기에."
163,163,힐 하우스의 유령,/t/p/w94_and_h141_bestv2/yD3lvZNfnaXzlkK9UG72JrwxBFW.jpg,"10월 12, 2018","유령을 보았던 아이들, 유령과 살았던 아이들. 이제 어른이 되었는데도, 악몽은 그들을 떠나지 않는다. 그러니, 돌아가야 한다. 아직도 선명한 그 집의 그림자를 향해."
164,164,보스 베이비: 돌아온 보스,/t/p/w94_and_h141_bestv2/mUVZHkJPKDYgDy1dbDdi0Esj9eB.jpg,"4월  6, 2018",사업의 기술을 가르쳐줄까? 회사로 형을 데려간 보스 베이비. 나이만 많았지 갈 길이 먼 형을 조련하기 시작한다. 장편 애니메이션이 원작인 시리즈. 재미는 보장한다!
165,165,별나도 괜찮아,/t/p/w94_and_h141_bestv2/iZ10Q7bEBP5bYD8DpKIbsRxdpeC.jpg,"8월 11, 2017",자폐 스펙트럼 장애를 가진 10대 소년 샘은 어느 날 여친을 사귀겠노라 마음먹는다. 샘의 홀로서기로 인해 샘 바라기였던 가족들은 느닷없이 자아 찾기에 내몰린다.
166,166,퍼시픽 림: 어둠의 시간,/t/p/w94_and_h141_bestv2/zZyKvdT5oukcWZbcEp2G6ZlVu58.jpg,"3월  4, 2021","2021년 3월 Netflix에서 방영을 시작한 애니메이션. 과거 태평양 해저에서 잇따라 나타난 카이주를 요격하기 위해 인류는 거대한 로봇무기 예거를 개발했다. 시간은 흘러 이번에는 호주가 카이주에 습격당하고, 무방비였던 사람들은 이를 피하지 못하고 뿔뿔이 흩어지고 만다. 피난민 무리에서 뒤처진 소년 테일러와 여동생 헤일리는 노후화로 오랫동안 버려진 예거 조종법을 익히며 실낱같은 희망을 안고 실종된 부모를 찾는 결사의 여정을 떠난다."
167,167,줄리안 대왕 만세,/t/p/w94_and_h141_bestv2/tsE6Dbx7aejDDmAy4DX55YxE8pT.jpg,"12월 19, 2014","최우수 어린이 애니메이션으로 에미상을 수상한 작품. 마다가스카르의 춤꾼 줄리안 대왕이 정글에서 벌이는 황당무계, 왁자지껄 모험을 그렸다."
168,168,그레이스 앤 프랭키,/t/p/w94_and_h141_bestv2/3aD3PaSeF8eHJFLliLlWYw4EcPt.jpg,"5월  8, 2015",에미상 후보에 오른 시리즈. 고상한 그레이스와 괴짜 프랭키는 친구 사이는 아니지만 남편들이 서로에게 사랑에 빠져 그들을 떠나자 유대를 쌓기 시작한다.
169,169,카틀라,/t/p/w94_and_h141_bestv2/vRPDQP51i1Z2RuoIQaxVSj7Pd5R.jpg,"6월 17, 2021","빙저 화산 카틀라가 폭발하면서 재앙이 닥친 마을. 그 후 1년, 빙하에서 수수께끼의 존재가 등장하면서 주민들의 삶이 뒤집힌다. 화산재를 뒤집어쓴 채 알몸으로 나타난 그들의 정체는 무엇인가."
170,170,글리치,/t/p/w94_and_h141_bestv2/9tKVQXrbzytCzXeCSAE9p2m8Pbx.jpg,"10월  7, 2022","홍지효의 주변에는 오래전부터 외계인이 어슬렁거려 왔다. 애인이 실종되는 사건이 벌어지자 홍지효는 미스터리 동호회를 찾아 사건의 실마리를 찾으려 하고, 거기에서 중학교 동창 허보라를 만난다. 둘은 이제 기막힌 모험을 시작한다."
171,171,슬래셔,/t/p/w94_and_h141_bestv2/A4j6zNyypLbsn0vJfrajlgNazc5.jpg,"3월  4, 2016","돌아온 연쇄 살인범, 그리고 다시 시작된 선혈 낭자한 도륙의 시간. 과거와 현재가 뒤얽힌 두려움 속에 다음 희생자는 몸서리를 친다. 서로 다른 이야기에 담긴 공포의 전율."
172,172,굿 키즈 온 더 블록,/t/p/w94_and_h141_bestv2/aFHmGVDNLFmhLjDNbFuMSBOxUv5.jpg,"3월 16, 2018","우리의 우정, 영원히 지속될까? 프리리지 고등학교에 들어간 몬세와 친구들. 다가올 첫 경험에 가슴 뛰는 것도 잠시. 이들의 우정은 비밀과 거짓말의 장벽에 부딪힌다."
173,173,피지컬: 100,/t/p/w94_and_h141_bestv2/1nOSEftQdH3ftjSbhCDJyIReCR1.jpg,"1월 24, 2023",최고의 피지컬을 자랑하는 100인의 참가자. 연이은 험난한 대결에서 치열한 경쟁을 펼친다. 최후의 1인에게 주어지는 영예와 상금을 차지하기 위하여.
174,174,데빌맨 크라이베이비,/t/p/w94_and_h141_bestv2/tKPGUZZ7wIiirgYJr24irtwwV6N.jpg,"1월  5, 2018",악령이 몸에 들어왔으나 인간의 마음을 잃지 않고 인류를 지키려 애쓰는 내용의 애니메이션 영화
175,175,드래곤 프린스,/t/p/w94_and_h141_bestv2/d7PIRa6ez7ZEl9D4JUrnSsmcnVD.jpg,"9월 14, 2018",다시 인간과 엘프 간의 전쟁이 시작된다. 놀라운 비밀을 알게 된 두 명의 인간 왕자와 엘프 자객. 두 왕국의 숨겨진 진실을 밝히자! 한뜻이 된 그들은 함께 모험을 떠난다.
176,176,살색의 감독 무라니시,/t/p/w94_and_h141_bestv2/33KhH1Z37imEqAuZWyBIXO8Lpz4.jpg,"8월  8, 2019","1980년대 일본, 한 남자가 뜻을 세운다. 이 살색의 산업에 혁명을 일으키리라. 위기를 기회로 바꾸며, 앞으로 앞으로 전진하는 이 남자. 그의 이름은 무라니시 도루."
177,177,블랙 썸머,/t/p/w94_and_h141_bestv2/d27fZpY8jSZDOs1k0JCL0RY0b94.jpg,"4월 11, 2019","좀비 대재앙이 세상을 뒤덮은 암흑의 시대. 인류는 절멸의 위기에 처하고, 얼마 안 되는 생존자들은 서로 힘을 모은다. 끝까지 살아남아 사랑하는 이들에게 돌아가기 위해."
178,178,자정 클럽,/t/p/w94_and_h141_bestv2/2Y4F9BHkacKIMnDBZI3GGKpG1If.jpg,"10월  7, 2022","말기 환자인 청소년들을 위한 호스피스 시설. 이곳의 특별한 클럽에서 회원들이 섬뜩한 약속을 한다. 바로, 먼저 죽는 사람이 저세상에서 신호를 보내야 한다는 것."
179,179,인간 vs 벌,/t/p/w94_and_h141_bestv2/74kkM7E5IymHl7ZS4XugP6YT3zU.jpg,"6월 24, 2022","집주인을 대신해 럭셔리한 맨션을 관리하게 된 어리바리한 아빠, 트레버. 교활한 벌 한 마리를 잡고 싶었을 뿐인데, 집 안에 엄청난 재앙을 불러오고 말았다!"
180,180,하이 히트,/t/p/w94_and_h141_bestv2/nDZNkLzQBhWUxBgI8ARCFmqnblm.jpg,"8월 17, 2022","형이 살해된 사건의 진실을 쫓던 폰초. 소방서에 잠입해 비밀 조사를 이어가던 중, 사랑하는 사람과 가족을 만나고 마침내 연쇄 살인범을 맞닥뜨린다."
181,181,더 몰,/t/p/w94_and_h141_bestv2/uhUPGELqpHJ3hoeO5DjOwlDRpwe.jpg,"10월  7, 2022",주어진 챌린지를 성공적으로 완수해야 하는 12명의 참가자들. 동시에 임무를 방해하는 것이 목적인 첩자가 누구인지도 밝혀내야 한다. 고전적인 경쟁 리얼리티 시리즈의 리메이크작.
182,182,팬텀 퍼피스,/t/p/w94_and_h141_bestv2/kqGRszJ2JyXtRTVDmGGyrwM0sJD.jpg,"9월 30, 2022",귀신이 나온다는 집으로 이사한 소년과 가족. 그런데 그곳엔 무서운 귀신 대신 귀여운 강아지 유령 셋이 살고 있다. 유령 삼총사가 다시 진짜 강아지로 돌아오도록 소년이 도와줄 수 있을까?
183,183,살인을 말하다: 존 웨인 게이시 테이프,/t/p/w94_and_h141_bestv2/dc9IY0ZT2T3gw0RfjmQdsoWp992.jpg,"4월 20, 2022",그는 유력 인사들과 만찬을 즐겼다. 동시에 취약한 이들을 먹잇감 삼았다. 미소 짓는 얼굴 뒤에 소름 끼치는 어둠을 감추고 있었던 가학적인 연쇄 살인마의 초상.
184,184,애나 만들기,/t/p/w94_and_h141_bestv2/4p3gJ9Ac0DfEyHf8mrbcmhUoby8.jpg,"2월 11, 2022","뉴욕 사교계에 등장한 상속녀, 애나 델비. 인스타그램을 달군 그녀는 상류층 사람들의 마음을 훔치고 돈까지 훔친다. 그리고 이 사건은 한 저널리스트의 시선을 끈다."
185,185,장화신은 고양이의 신나는 모험,/t/p/w94_and_h141_bestv2/uHpUlyWCqXXUDY7zekQdJmf6QkP.jpg,"1월 16, 2015","자칭 세계 최고의 고양이 검투사, 사랑꾼, 그리고 우유 매니아가 신나고 짜릿한 모험의 여정을 떠난다. 온 가족 모두 시청할 수 있는 애니메이션 코미디 시리즈."
186,186,탑 보이,/t/p/w94_and_h141_bestv2/cfqHWQQDwvKT8Xoe0AXzHBXcF1u.jpg,"9월 13, 2019","약과 갱의 법칙이 지배하는 이스트 런던 빈민가. 마약을 팔거나 아니면 죽거나, 누구도 안심할 수 없다. 3년 동안 빼앗겼던 왕좌를 되찾으러 두셰인이 돌아온다."
187,187,더 랜치,/t/p/w94_and_h141_bestv2/lrbHBAxF9Ir83rxgeBrfmEJriLt.jpg,"4월  1, 2016",콜트의 프로 선수 생활은 성공적이지 못했다. 이제 그는 아버지와 형이 운영하는 망하기 직전의 농장일을 도우면서 가족과 함께 사는 방법을 배우는 중이다.
188,188,안녕 여름,/t/p/w94_and_h141_bestv2/op0OFYbNI1eH7JH5WeQqkAjSUME.jpg,"4월 29, 2020","여름이 싫은 서머, 밴드 멤버인 아빠는 투어를 떠나고 피서객들의 요란한 파티도 지겹다. 모터사이클 레이서 알레, 사고 후의 이 계절이 가혹하기만 하다. 그리고 여름 한가운데서 만난 두 사람. 이제 멈출 수 없는 설렘이 시작된다."
189,189,도타: 용의 피,/t/p/w94_and_h141_bestv2/s1wP1YeQS9fgSHiXZ3yJb2ufB2D.jpg,"3월 25, 2021",악마를 물리치려다 전설의 용과 하나가 된 남자. 용맹함 속에 두려움과 혼란을 숨긴 용기사. 그가 운명과 진실의 모험을 시작한다. 온라인 게임 원작의 판타지 대서사시.
190,190,조용한 희망,/t/p/w94_and_h141_bestv2/4brWcSXdH31BZUTtRTHj2BYFe6M.jpg,"10월  1, 2021",내 이름은 알렉스. 아이 아빠의 정신적 학대를 피해 딸을 데리고 도망쳤다. 이제 나는 여자이자 엄마로서 세상에 정착해 홀로 육아를 하고 미래를 준비해야 한다. 궂은일을 해서라도 반드시.
191,191,니미소시흔미,/t/p/w94_and_h141_bestv2/vvkzt9lTgTaznMHNIpqHNge8cl6.jpg,"6월 23, 2021",경쟁이 매우 치열한 e스포츠 세계에서 모두 남성으로만 구성된 ZGDX 팀은 최고의 팀이다. 팀을 아끼고 사랑하는 여성 팬 부대가 어디든 따라다닌다. 하지만 팀의 스타 플레이어 중 한 명이 손에 부상을 당했을 때 키크고 잘생겼지만 까다로운 성미로 악명높은 ZGDX 주장 루시쳉(쉬카이)은 서둘러 교체선수를 뽑으려 하지 않는다.
192,192,잭 모턴과 언더월드,/t/p/w94_and_h141_bestv2/x8vDUOvladgjJo8sdNpRelm4lSC.jpg,"3월  7, 2019","대학 신입생 잭 모턴은 신비한 비밀결사의 일원이 된다. 그 앞에 펼쳐진 어둠의 세계, 늑대 인간과 흑마법이 뒤엉킨 치열한 전투. 잭을 뒤쫓는 치명적인 적은 누구일까."
193,193,어둠 속의 미사,/t/p/w94_and_h141_bestv2/iYoMZYVD775MtBYJfv6OGY1FsnL.jpg,"9월 24, 2021","서서히 폐허가 되어 가고 있는 마을. 희망을 잃은 이곳에 열정 넘치는 젊은 신부가 부임한다. 희미해진 믿음을 다시 굳건히 하고, 눈앞에서 기적을 행하는 신부. 그것은 진정한 구원이었을까."
194,194,데드 투 미,/t/p/w94_and_h141_bestv2/8zJkzL1Zs3OW1KA8obSlUd58BRi.jpg,"5월  3, 2019",예민하고 깐깐한 미망인과 놀라운 비밀을 간직한 채 살아가는 자유분방한 여성. 정반대의 두 사람이 만나 생각지도 못한 강렬한 우정을 꽃피운다. 어두운 코미디 시리즈.
195,195,뤼딕,/t/p/w94_and_h141_bestv2/pNdYJdE1sSACnjgWjnIJAm7lfiV.jpg,"8월 26, 2022",가구 사업을 이끄는 거물. 그의 가족이 납치되는 사건이 벌어지고. 가족을 구하려면 은밀히 손대고 있던 다이아몬드 밀수업을 이용해 국경 너머로 총기를 수송해야 하는데.
196,196,천공 침범,/t/p/w94_and_h141_bestv2/tAECSui9V4CtOZBwKJAfQH4M2Di.jpg,"2월 25, 2021","주인공 혼죠 유리는 자기도 모르는 새에 어느 건물 안에 갇혀 있고, 눈앞에서는 가면을 쓴 남자가 사람을 죽이고 있었다. 놀라 도망가려 했지만 건물의 밑으로 도망가는 길은 없고, 유일한 탈출구인 옥상으로 가니 주변은 사람의 흔적이 없는 고층빌딩 투성이. 오빠와의 통화를 통해 이 세계의 간단한 설명을 듣던 중 가면남자의 습격을 받아 휴대폰을 놓쳐 빌딩 밑으로 떨어뜨리고, 줄다리를 통해 옆 빌딩으로 가다가 가면남자가 다시 습격한다. 그러다 남자는 떨어지고 이제 유리는 혼자가 되었으나 오빠를 만나기 위해 움직인다."
197,197,연애대전,/t/p/w94_and_h141_bestv2/wSZlj7ZvGsfocV1t8gvTk3cCmVp.jpg,"2월 10, 2023",남자에게 지기 싫어하는 변호사와 여자를 믿지 못하는 톱배우. 이들에게 사랑은 아무런 의미가 없었다. 원하지 않은 연애를 시작하기 전까진.
198,198,언브레이커블 키미 슈미트,/t/p/w94_and_h141_bestv2/eMFHl0HyLg7k04OVeE4xPvT6XhY.jpg,"3월  6, 2015","컬트 종교 집단에서 생활한 지 15년만에 집단에서 벗어나게 된 키미. '컬트에서 벗어난 여자들'로 아침 프로그램 인터뷰를 한 후, 인디애나 주로 돌아가려는 다른 사람들과 달리, 키미는 뉴욕에 남아서 새로운 삶을 살고자 한다. 백팩, 운동화, 도서관 반납 기한이 한참 지난 책 몇 권, 그리고 구조펀드에서 받은 현금뭉치와 함께."
199,199,유령인데 어쩌라고,/t/p/w94_and_h141_bestv2/stBtjPLGrl7uAL76w5VkZJjKq87.jpg,"7월  8, 2022",고등학교 졸업을 앞둔 단짝 에리카와 지아. 학교에서 눈에 띄어보는 게 마지막 소원이다. 하지만 둘 중 하나가 유령이 되어버린다면? 할 수 있을 때 최대한 인생을 즐길 수밖에.
200,200,OA,/t/p/w94_and_h141_bestv2/rueY4slMeKtTGitm0raFUJvgaa5.jpg,"12월 16, 2016",7년 동안 실종되었다가 돌아온 프레이리. 다른 세상에 다녀온 그녀가 스스로를 '오에이'라 부르며 들려주는 이야기. 5명만이 들을 수 있는 그것은 처절한 싸움의 경험.
201,201,버진리버,/t/p/w94_and_h141_bestv2/jSm9HdxUy9PpsJt0mVAQ0y7gbDJ.jpg,"12월  6, 2019",삶의 변화가 필요한 간호사 멜. 그녀는 LA를 떠나 캘리포니아의 외딴 마을로 이주한다. 대도시와는 너무도 다른 동네 버진리버. 이곳에서 모든 걸 새로 시작할 수 있을까.
202,202,수호자,/t/p/w94_and_h141_bestv2/w6Q2bUSelYVIpmgjKa0jhX7iprA.jpg,"12월 14, 2018","이스탄불의 청년이 예상치 못한 운명을 마주한다. 바로 고대로부터 내려온 수호자의 임무! 부모님이 남긴 유일한 유품, 거기에 깃든 신비로운 힘. 이제 그는 평범한 삶으로 돌아갈 수 없다. 그가 걸어야 할 수호자의 길. 도시를 위협하는 불멸자의 마수에 맞서는 영웅의 싸움을 그린 현대 판타지 액션."
203,203,누가 사라를 죽였을까,/t/p/w94_and_h141_bestv2/dXIXXFQmnozQl2ZJ7rM4oMI2zjy.jpg,"3월 24, 2021",반드시 복수해야 한다. 그리고 누명을 벗어야 한다. 여동생을 살해한 혐의로 억울한 감옥살이를 한 사나이. 그가 진짜 범인을 세상에 드러내려 치밀한 계획을 차근차근 실행에 옮긴다.  그 뒤에 숨은 거대한 비밀을 알지 못한 채.
204,204,베이비,/t/p/w94_and_h141_bestv2/oZsv5zStw14JI8wZUCUFF6eilaK.jpg,"11월 30, 2018","아이들이 일탈한다. 억압과 싸우기 위해, 진짜 '나'를 찾기 위해, 내 욕망과 만나기 위해. 로마 상류층의 실화를 바탕으로 했다. 대담한 십 대들의 충격적 성장 드라마."
205,205,마블 디펜더스,/t/p/w94_and_h141_bestv2/gSJVIPyqgrFG0nETGqXWPAG7nbF.jpg,"8월 18, 2017","2017년 8월 Netflix에서 방영을 시작한 드라마. 뉴욕 시를 위협하는 사악한 음모에 맞설 구원자는 오직 이들 뿐. 데어데블, 제시카 존스, 루크 케이지, 아이언 피스트. 4인의 히어로에게 뉴욕의 운명을 맡긴다. 핸드의 흔적을 쫓는 대니는 체이스트의 일원을 찾아내지만 의문의 여검객에게 당한 후다. 출소한 루크 케이지는 할렘으로 되돌아온다. 맷 머독은 데어데블로써의 삶이 그립지 않다고 하지만, 도움의 소리와 엘렉트라의 기억으로 괴로워 한다. 제시카 존스에게 남편이 실종되었다는 의뢰인이 찾아오고, 의뢰를 맡지 말라는 협박 전화가 걸려오자 심상치 않음을 느끼고 수사를 시작한다."
206,206,록우드 심령 회사,/t/p/w94_and_h141_bestv2/lxWSGo8D6MbFbQmM9tqhbaG80TP.jpg,"1월 27, 2023","무시무시한 유령들이 들끓는 런던. 특별한 능력을 가진 두 소년이 운영하는 작은 유령 사냥 에이전시에, 비범한 초능력을 지닌 소녀가 합류한다."
207,207,바다늑대의 섬,/t/p/w94_and_h141_bestv2/czorJe5tld7NUBwZubwxDZksxrL.jpg,"10월 11, 2022",수많은 생명의 터전 바다. 그 바다로 둘러싸인 경이로운 야생의 밴쿠버섬을 탐험해보자. 물고기 잡는 독수리부터 차디찬 바다를 헤엄치는 바다 늑대까지 다양한 동물을 만나게 된다.
208,208,카르멘 산디에고,/t/p/w94_and_h141_bestv2/jpis9X6awQ1X5MBm9eHRUc0N0pu.jpg,"1월 18, 2019","마음먹은 것은 뭐든 훔칠 수 있는 카르멘 산디에고. 하지만 그녀는 자신의 능력을 좋은 곳에 쓰려 한다. 멋진 친구들과 함께, 사악한 범죄 집단 바일의 음모를 막아라!"
209,209,퍼펙트 매치,/t/p/w94_and_h141_bestv2/towkpRBUUZlTK4DUcAmuYRmziDQ.jpg,"2월 14, 2023",서로의 궁합을 증명한 커플에겐 다른 커플을 성사시키거나 깨트릴 수 있는 힘이 생긴다! 전략적이고 유혹적인 데이트 경쟁 시리즈.
210,210,사랑의 이해,/t/p/w94_and_h141_bestv2/dtqNXe8whqJPbEEVluGThB0jQa3.jpg,"12월 21, 2022","창립 99주년을 맞은 나라은행 영포점을 배경으로, 네 남녀의 발칙하고 속물적이고 사실적인 사내연애를 그린 연애 치정 느와르 드라마"
211,211,더 패뷸러스,/t/p/w94_and_h141_bestv2/9ST1FIXudsnd0MfvJRG88iVCLrg.jpg,"12월 23, 2022","까다로운 패션의 세계를 배경으로 열정 넘치는 밀레니얼 세대의 꿈과 사랑, 우정을 다룬 로맨틱 코미디. 그곳에서 균형을 찾으려는 청춘들의 분투가 펼쳐진다."
212,212,La Reina de Las Indias y el Conquistador,/t/p/w94_and_h141_bestv2/fA6mlf3NzOc4mwfbvfVaRs4ECoN.jpg,"5월 20, 2020",정보 없음
213,213,스페이스 포스,/t/p/w94_and_h141_bestv2/zgu3p4NvisS8CI68cUfBKbvAvu8.jpg,"5월 29, 2020","막 4성 장군이 됐다. 미군에 신설된 우주군의 대장이 됐다. 이제 하늘로 날아오르기만 하면 된다. 그런데 공군에게 무시당하고, 과학팀장과는 어긋나고. 진짜 폭발하겠네!"
214,214,블라이 저택의 유령,/t/p/w94_and_h141_bestv2/3aptl5txZlh0uVJ23OiKeVYYlQ5.jpg,"10월  9, 2020","이미 죽은 자들이 저택을 배회하고 있다. 어린 남매를 돌보는 가정 교사, 그녀에게 손짓하는 음산한 비밀의 심연. 《힐 하우스의 유령》 제작자가 선보이는 고딕 로맨스다."
215,215,블록버스터 살리기,/t/p/w94_and_h141_bestv2/1seIJ8wIKo3KXp7hnwS5wj69U8M.jpg,"11월  3, 2022",지구상 하나 남은 '블록버스터' 비디오 대여점. 의욕 넘치는 매니저 티미는 복잡한 감정과 치열한 경쟁 속에서도 가게를 지키고 직원들을 행복하게 하기 위해 고군분투한다.
216,216,저주받은 소녀,/t/p/w94_and_h141_bestv2/wrLC5kx0nEq9U0MyJD7dnOT6m5F.jpg,"7월 16, 2020","위대한 마법사에게 검을 전해야 한다. 모두가 멀리했으나, 신비한 힘을 가진 소녀 니무에. 그녀가 동족을 구하기 위한 여정을 떠난다. 젊고 매력적인 기사 아서와 함께."
217,217,만약에 말야,/t/p/w94_and_h141_bestv2/r4RsxyfjWHH9l62fFB891H8fWed.jpg,"10월 28, 2022",실망스러운 결혼 생활을 10년째 이어가면서 힘들어하는 엠마. 지난 10년을 다시 살 수 있는 믿지 못할 기회를 얻게 된다.
218,218,5인의 후아나,/t/p/w94_and_h141_bestv2/vmKwM0bS3qygN2t4ExwJABUBGLm.jpg,"10월  6, 2021","우연히 만난 다섯 여인. 일면식도 없던 이들은 모두 몸에 같은 반점이 있다는 걸 알게 되고, 함께 출생의 비밀을 파헤치기 시작한다. 그리고 노력 끝에 거물 정치인의 어두운 비밀을 발견한다."
219,219,헴록 그로브,/t/p/w94_and_h141_bestv2/sjGOYM7GTG03aWUZIFOUiFDTeoL.jpg,"4월 19, 2013","펜실베이니아의 헴록 그로브, 숱한 비밀을 품은 작은 마을. 그곳에서 잔혹한 살인 사건이 일어난다. 어둠 너머 웅크리고 있던 악마, 그 사악한 발톱이 드러나는 걸까."
